StockCode,Description,UnitsSold
23843,"PAPER CRAFT , LITTLE BIRDIE",80995
23166,MEDIUM CERAMIC TOP STORAGE JAR,78033
22197,SMALL POPCORN HOLDER,56898
84077,WORLD WAR 2 GLIDERS ASSTD DESIGNS,54951
85099B,JUMBO BAG RED RETROSPOT,48371
85123A,WHITE HANGING HEART T-LIGHT HOLDER,37641
21212,PACK OF 72 RETROSPOT CAKE CASES,36396
84879,ASSORTED COLOUR BIRD ORNAMENT,36362
23084,RABBIT NIGHT LIGHT,30739
22492,MINI PAINT SET VINTAGE ,26633
22616,PACK OF 12 LONDON TISSUES ,26119
21977,PACK OF 60 PINK PAISLEY CAKE CASES,24820
22178,VICTORIAN GLASS HANGING T-LIGHT,24275
15036,ASSORTED COLOURS SILK FAN,23826
17003,BROCADE RING PURSE ,23020
21915,RED  HARMONICA IN BOX ,21903
22386,JUMBO BAG PINK POLKADOT,21448
23203,JUMBO BAG DOILEY PATTERNS,20485
20725,LUNCH BAG RED RETROSPOT,19432
22086,PAPER CHAIN KIT 50'S CHRISTMAS ,19329
84946,ANTIQUE SILVER TEA GLASS ETCHED,19209
47566,PARTY BUNTING,18283
84991,60 TEATIME FAIRY CAKE CASES,18189
22355,CHARLOTTE BAG SUKI DESIGN,18124
22469,HEART OF WICKER SMALL,17963
20724,RED RETROSPOT CHARLOTTE BAG,17761
85099F,JUMBO BAG STRAWBERRY,17237
84755,COLOUR GLASS T-LIGHT HOLDER HANGING,16401
22961,JAM MAKING SET PRINTED,16396
22693,GROW A FLYTRAP OR SUNFLOWER IN TIN,16244
22952,60 CAKE CASES VINTAGE CHRISTMAS,16056
21213,PACK OF 72 SKULL CAKE CASES,15169
22151,PLACE SETTING WHITE HEART,15126
23199,JUMBO BAG APPLES,14908
21790,VINTAGE SNAP CARDS,14521
22629,SPACEBOY LUNCH BOX ,14249
21731,RED TOADSTOOL LED NIGHT LIGHT,14001
85099C,JUMBO  BAG BAROQUE BLACK WHITE,13900
22423,REGENCY CAKESTAND 3 TIER,13851
21931,JUMBO STORAGE BAG SUKI,13651
71459,HANGING JAM JAR T-LIGHT HOLDER,13605
23201,JUMBO BAG ALPHABET,13366
16014,SMALL CHINESE STYLE SCISSOR,13328
84992,72 SWEETHEART FAIRY CAKE CASES,13319
20719,WOODLAND CHARLOTTE BAG,13290
21080,SET/20 RED RETROSPOT PAPER NAPKINS ,13202
23209,LUNCH BAG DOILEY PATTERN ,13170
20668,DISCO BALL CHRISTMAS DECORATION,12883
22993,SET OF 4 PANTRY JELLY MOULDS,12649
22411,JUMBO SHOPPER VINTAGE RED PAISLEY,12574
22969,HOMEMADE JAM SCENTED CANDLES,12520
22383,LUNCH BAG SUKI  DESIGN ,12518
84978,HANGING HEART JAR T-LIGHT HOLDER,12493
84568,GIRLS ALPHABET IRON ON PATCHES ,12442
22998,TRAVEL CARD WALLET KEEP CALM,12366
21975,PACK OF 60 DINOSAUR CAKE CASES,12312
21181,PLEASE ONE PERSON METAL SIGN,12274
21175,GIN + TONIC DIET METAL SIGN,12207
20727,LUNCH BAG  BLACK SKULL.,12195
23206,LUNCH BAG APPLE DESIGN,12147
23310,BUBBLEGUM RING ASSORTED,12050
23307,SET OF 60 PANTRY DESIGN CAKE CASES ,12049
21232,STRAWBERRY CERAMIC TRINKET BOX,11842
20728,LUNCH BAG CARS BLUE,11786
22630,DOLLY GIRL LUNCH BOX,11780
21137,BLACK RECORD COVER FRAME,11651
22659,LUNCH BOX I LOVE LONDON,11504
20713,JUMBO BAG OWLS,11429
21929,JUMBO BAG PINK VINTAGE PAISLEY,11006
20971,PINK BLUE FELT CRAFT TRINKET BOX,10993
23202,JUMBO BAG VINTAGE LEAF,10941
22577,WOODEN HEART CHRISTMAS SCANDINAVIAN,10608
22910,PAPER CHAIN KIT VINTAGE CHRISTMAS,10594
84945,MULTI COLOUR SILVER T-LIGHT HOLDER,10545
21326,AGED GLASS SILVER T-LIGHT HOLDER,10535
21498,RED RETROSPOT WRAP ,10526
22384,LUNCH BAG PINK POLKADOT,10487
21928,JUMBO BAG SCANDINAVIAN PAISLEY,10468
22578,WOODEN STAR CHRISTMAS SCANDINAVIAN,10460
22382,LUNCH BAG SPACEBOY DESIGN ,10427
23077,DOUGHNUT LIP GLOSS ,10395
21166,COOK WITH WINE METAL SIGN ,10324
84212,"ASSORTED FLOWER COLOUR ""LEIS""",10315
79321,CHILLI LIGHTS,10302
23344,JUMBO BAG 50'S CHRISTMAS ,10285
21108,FAIRY CAKE FLANNEL ASSORTED COLOUR,10241
20726,LUNCH BAG WOODLAND,9909
22470,HEART OF WICKER LARGE,9887
22699,ROSES REGENCY TEACUP AND SAUCER ,9864
20723,STRAWBERRY CHARLOTTE BAG,9793
20712,JUMBO BAG WOODLAND ANIMALS,9773
22489,PACK OF 12 TRADITIONAL CRAYONS,9719
22356,CHARLOTTE BAG PINK POLKADOT,9716
22610,PENS ASSORTED FUNNY FACE,9572
84347,ROTATING SILVER ANGELS T-LIGHT HLDR,9461
21703,BAG 125g SWIRLY MARBLES,9390
22077,6 RIBBONS RUSTIC CHARM,9172
22457,NATURAL SLATE HEART CHALKBOARD ,9119
22988,SOLDIERS EGG CUP ,9073
82482,WOODEN PICTURE FRAME WHITE FINISH,8986
22909,SET OF 20 VINTAGE CHRISTMAS NAPKINS,8976
16045,POPART WOODEN PENCILS ASST,8900
84970S,HANGING HEART ZINC T-LIGHT HOLDER,8879
21787,RAIN PONCHO RETROSPOT,8875
23301,GARDENERS KNEELING PAD KEEP CALM ,8807
21985,PACK OF 12 HEARTS DESIGN TISSUES ,8775
21094,SET/6 RED SPOTTY PAPER PLATES,8758
22960,JAM MAKING SET WITH JARS,8695
22558,CLOTHES PEGS RETROSPOT PACK 24 ,8676
22385,JUMBO BAG SPACEBOY DESIGN,8666
84947,ANTIQUE SILVER TEA GLASS ENGRAVED,8652
21497,FANCY FONTS BIRTHDAY WRAP,8550
22741,FUNKY DIVA PEN,8547
22326,ROUND SNACK BOXES SET OF4 WOODLAND ,8535
23232,WRAP VINTAGE PETALS  DESIGN,8526
23293,SET OF 12 FAIRY CAKE BAKING CASES,8471
23298,SPOTTY BUNTING,8466
22865,HAND WARMER OWL DESIGN,8439
22417,PACK OF 60 SPACEBOY CAKE CASES,8420
22189,CREAM HEART CARD HOLDER,8284
23309,SET OF 60 I LOVE LONDON CAKE CASES ,8275
22666,RECIPE BOX PANTRY YELLOW DESIGN,8269
85152,HAND OVER THE CHOCOLATE   SIGN ,8246
22029,SPACEBOY BIRTHDAY CARD,8161
22560,TRADITIONAL MODELLING CLAY,8144
21891,TRADITIONAL WOODEN SKIPPING ROPE,8130
23076,ICE CREAM SUNDAE LIP GLOSS,8076
22551,PLASTERS IN TIN SPACEBOY,8074
23230,WRAP ALPHABET DESIGN,7976
23204,CHARLOTTE BAG APPLES DESIGN,7976
22791,T-LIGHT GLASS FLUTED ANTIQUE,7955
22467,GUMBALL COAT RACK,7926
84692,BOX OF 24 COCKTAIL PARASOLS,7903
21914,BLUE HARMONICA IN BOX ,7876
21733,RED HANGING HEART T-LIGHT HOLDER,7872
21791,VINTAGE HEADS AND TAILS CARD GAME ,7864
23207,LUNCH BAG ALPHABET DESIGN,7830
22554,PLASTERS IN TIN WOODLAND ANIMALS,7803
22727,ALARM CLOCK BAKELIKE RED ,7800
22090,PAPER BUNTING RETROSPOT,7562
22720,SET OF 3 CAKE TINS PANTRY DESIGN ,7483
22951,60 CAKE CASES DOLLY GIRL DESIGN,7481
22966,GINGERBREAD MAN COOKIE CUTTER,7440
20972,PINK CREAM FELT CRAFT TRINKET BOX ,7337
22697,GREEN REGENCY TEACUP AND SAUCER,7278
23231,WRAP DOILEY DESIGN,7277
82583,HOT BATHS METAL SIGN,7258
16161P,WRAP ENGLISH ROSE ,7201
21918,SET 12 KIDS COLOUR  CHALK STICKS,7199
21982,PACK OF 12 SUKI TISSUES ,7173
21086,SET/6 RED SPOTTY PAPER CUPS,7121
75049L,LARGE CIRCULAR MIRROR MOBILE,7102
23200,JUMBO BAG PEARS,7067
M,Manual,6984
20974,12 PENCILS SMALL TUBE SKULL,6976
21499,BLUE POLKADOT WRAP,6927
22379,RECYCLING BAG RETROSPOT ,6896
23170,REGENCY TEA PLATE ROSES ,6857
22740,POLKADOT PEN,6842
22328,ROUND SNACK BOXES SET OF 4 FRUITS ,6835
23078,ICE CREAM PEN LIP GLOSS ,6831
23300,GARDENERS KNEELING PAD CUP OF TEA ,6809
22595,CHRISTMAS GINGHAM HEART,6788
21829,DINOSAUR KEYRINGS ASSORTED,6765
71477,COLOUR GLASS. STAR T-LIGHT HOLDER,6748
82494L,WOODEN FRAME ANTIQUE WHITE ,6735
22065,CHRISTMAS PUDDING TRINKET POT ,6729
22662,LUNCH BAG DOLLY GIRL DESIGN,6706
21980,PACK OF 12 RED RETROSPOT TISSUES ,6685
20975,12 PENCILS SMALL TUBE RED RETROSPOT,6633
22866,HAND WARMER SCOTTY DOG DESIGN,6611
21121,SET/10 RED POLKADOT PARTY CANDLES,6606
15034,PAPER POCKET TRAVELING FAN ,6591
22907,PACK OF 20 NAPKINS PANTRY DESIGN,6573
22418,10 COLOUR SPACEBOY PEN,6564
22771,CLEAR DRAWER KNOB ACRYLIC EDWARDIAN,6539
22045,SPACEBOY GIFT WRAP,6527
21930,JUMBO STORAGE BAG SKULLS,6438
22867,HAND WARMER BIRD DESIGN,6433
22726,ALARM CLOCK BAKELIKE GREEN,6419
21889,WOODEN BOX OF DOMINOES,6390
20914,SET/5 RED RETROSPOT LID GLASS BOWLS,6361
21500,PINK POLKADOT WRAP ,6350
23245,SET OF 3 REGENCY CAKE TINS,6345
84378,SET OF 3 HEART COOKIE CUTTERS,6332
23208,LUNCH BAG VINTAGE LEAF DESIGN,6308
23171,REGENCY TEA PLATE GREEN ,6247
22147,FELTCRAFT BUTTERFLY HEARTS,6226
22585,PACK OF 6 BIRDY GIFT TAGS,6221
22621,TRADITIONAL KNITTING NANCY,6148
23308,SET OF 60 VINTAGE LEAF CAKE CASES ,6139
23295,SET OF 12 MINI LOAF BAKING CASES,6134
22556,PLASTERS IN TIN CIRCUS PARADE ,6113
23343,JUMBO BAG VINTAGE CHRISTMAS ,6078
22149,FELTCRAFT 6 FLOWER FRIENDS,6070
84970L,SINGLE HEART ZINC T-LIGHT HOLDER,6064
21231,SWEETHEART CERAMIC TRINKET BOX,6054
22112,CHOCOLATE HOT WATER BOTTLE,6017
82600,NO SINGING METAL SIGN,6013
82484,WOOD BLACK BOARD ANT WHITE FINISH,6012
22440,BALLOON WATER BOMB PACK OF 35,6010
22555,PLASTERS IN TIN STRONGMAN,6010
22722,SET OF 6 SPICE TINS PANTRY DESIGN,5966
72741,GRAND CHOCOLATECANDLE,5958
84836,ZINC METAL HEART DECORATION,5937
18007,ESSENTIAL BALM 3.5g TIN IN ENVELOPE,5884
22561,WOODEN SCHOOL COLOURING SET,5883
82580,BATHROOM METAL SIGN,5881
22609,PENS ASSORTED SPACEBALL,5874
23205,CHARLOTTE BAG VINTAGE ALPHABET ,5857
23167,SMALL CERAMIC TOP STORAGE JAR ,5847
21810,CHRISTMAS HANGING STAR WITH BELL,5840
23355,HOT WATER BOTTLE KEEP CALM,5816
21210,SET OF 72 RETROSPOT PAPER  DOILIES,5808
21495,SKULLS AND CROSSBONES WRAP,5800
16156S,WRAP PINK FAIRY CAKES ,5800
84380,SET OF 3 BUTTERFLY COOKIE CUTTERS,5799
22698,PINK REGENCY TEACUP AND SAUCER,5788
22114,HOT WATER BOTTLE TEA AND SYMPATHY,5740
40016,CHINESE DRAGON PAPER LANTERNS,5556
22030,SWALLOWS GREETING CARD,5527
21668,RED STRIPE CERAMIC DRAWER KNOB,5494
23284,DOORMAT KEEP CALM AND COME IN,5487
21981,PACK OF 12 WOODLAND TISSUES ,5468
22294,HEART FILIGREE DOVE  SMALL,5457
21871,SAVE THE PLANET MUG,5453
22759,SET OF 3 NOTEBOOKS IN PARCEL,5435
21877,HOME SWEET HOME MUG,5411
22728,ALARM CLOCK BAKELIKE PINK,5356
21122,SET/10 PINK POLKADOT PARTY CANDLES,5325
85175,CACTI T-LIGHT CANDLES,5321
22983,CARD BILLBOARD FONT,5290
21967,PACK OF 12 SKULL TISSUES,5271
22704,WRAP RED APPLES ,5253
21669,BLUE STRIPE CERAMIC DRAWER KNOB,5252
22992,REVOLVER WOODEN RULER ,5233
22608,PENS ASSORTED FUNKY JEWELED ,5211
22950,36 DOILIES VINTAGE CHRISTMAS,5209
21976,PACK OF 60 MUSHROOM CAKE CASES,5199
22661,CHARLOTTE BAG DOLLY GIRL DESIGN,5194
22084,PAPER CHAIN KIT EMPIRE,5181
23233,WRAP POPPIES  DESIGN,5175
22579,WOODEN TREE CHRISTMAS SCANDINAVIAN,5167
21704,BAG 250g SWIRLY MARBLES,5144
84997D,PINK 3 PIECE POLKADOT CUTLERY SET,5103
22652,TRAVEL SEWING KIT,5091
23144,ZINC T-LIGHT HOLDER STARS SMALL,5089
22161,HEART DECORATION RUSTIC HANGING ,5083
35970,ZINC FOLKART SLEIGH BELLS,5050
23286,BLUE VINTAGE SPOT BEAKER,5048
84596B,SMALL DOLLY MIX DESIGN ORANGE BOWL,5023
20676,RED RETROSPOT BOWL,5023
23581,JUMBO BAG PAISLEY PARK,5020
20711,JUMBO BAG TOYS ,5007
21672,WHITE SPOT RED CERAMIC DRAWER KNOB,4992
16237,SLEEPING CAT ERASERS,4991
23296,SET OF 6 TEA TIME BAKING CASES,4979
22834,HAND WARMER BABUSHKA DESIGN,4941
22138,BAKING SET 9 PIECE RETROSPOT ,4937
21506,"FANCY FONT BIRTHDAY CARD, ",4922
22900, SET 2 TEA TOWELS I LOVE LONDON ,4907
22959,WRAP CHRISTMAS VILLAGE,4901
22620,4 TRADITIONAL SPINNING TOPS,4889
22188,BLACK HEART CARD HOLDER,4870
22633,HAND WARMER UNION JACK,4851
21811,CHRISTMAS HANGING HEART WITH BELL,4850
23285,PINK VINTAGE SPOT BEAKER,4807
23582,VINTAGE DOILY JUMBO BAG RED ,4802
22996,TRAVEL CARD WALLET VINTAGE TICKET,4801
23243,SET OF TEA COFFEE SUGAR TINS PANTRY,4800
84949,SILVER HANGING T-LIGHT HOLDER,4789
20718,RED RETROSPOT SHOPPER BAG,4769
22536,MAGIC DRAWING SLATE PURDEY,4752
84029E,RED WOOLLY HOTTIE WHITE HEART.,4734
23005,TRAVEL CARD WALLET I LOVE LONDON,4733
23321,SMALL WHITE HEART OF WICKER,4716
22557,PLASTERS IN TIN VINTAGE PAISLEY ,4712
21136,PAINTED METAL PEARS ASSORTED,4687
22338,STAR DECORATION PAINTED ZINC ,4679
22111,SCOTTIE DOG HOT WATER BOTTLE,4655
23288,GREEN VINTAGE SPOT BEAKER,4625
22083,PAPER CHAIN KIT RETROSPOT,4616
21916,SET 12 RETRO WHITE CHALK STICKS,4599
16169E,WRAP 50'S  CHRISTMAS,4563
22139,RETROSPOT TEA SET CERAMIC 11 PC ,4518
22544,MINI JIGSAW SPACEBOY,4518
22273,FELTCRAFT DOLL MOLLY,4509
22710,WRAP I LOVE LONDON ,4501
20973,12 PENCIL SMALL TUBE WOODLAND,4497
22534,MAGIC DRAWING SLATE SPACEBOY ,4496
22333,RETROSPOT PARTY BAG + STICKER SET,4492
22632,HAND WARMER RED POLKA DOT,4468
22712,CARD DOLLY GIRL ,4435
20992,JAZZ HEARTS PURSE NOTEBOOK,4425
62018,SOMBRERO ,4415
21169,YOU'RE CONFUSING ME METAL SIGN ,4413
21671,RED SPOT CERAMIC DRAWER KNOB,4402
23294,SET OF 6 SNACK LOAF BAKING CASES,4392
22908,PACK OF 20 NAPKINS RED APPLES,4380
22041,"RECORD FRAME 7"" SINGLE SIZE ",4374
21673,WHITE SPOT BLUE CERAMIC DRAWER KNOB,4372
22027,TEA PARTY BIRTHDAY CARD,4368
82582,AREA PATROLLED METAL SIGN,4365
22970,LONDON BUS COFFEE MUG,4334
21670,BLUE SPOT CERAMIC DRAWER KNOB,4328
84375,SET OF 20 KIDS COOKIE CUTTERS,4311
84988,SET OF 72 PINK HEART PAPER DOILIES,4311
23297,SET 40 HEART SHAPE PETIT FOUR CASES,4303
21314,SMALL GLASS HEART TRINKET POT,4246
22053,EMPIRE DESIGN ROSETTE,4244
22553,PLASTERS IN TIN SKULLS,4242
84997B,RED 3 PIECE RETROSPOT CUTLERY SET,4214
23240,SET OF 4 KNICK KNACK TINS DOILEY ,4177
21174,POTTERING IN THE SHED METAL SIGN,4175
22297,HEART IVORY TRELLIS SMALL,4164
79000,MOROCCAN TEA GLASS,4162
22646,CERAMIC STRAWBERRY CAKE MONEY BANK,4160
21165,BEWARE OF THE CAT METAL SIGN ,4154
21917,SET 12 KIDS  WHITE CHALK STICKS,4151
22219,LOVEBIRD HANGING DECORATION WHITE ,4133
22986,GINGHAM ROSE WRAP,4105
22979,PANTRY WASHING UP BRUSH,4090
20685,DOORMAT RED RETROSPOT,4088
22348,TEA BAG PLATE RED RETROSPOT,4084
22087,PAPER BUNTING WHITE LACE,4082
16161U,WRAP SUKI AND FRIENDS,4075
22144,CHRISTMAS CRAFT LITTLE FRIENDS,4073
23103,BELL HEART DECORATION,4072
21986,PACK OF 12 PINK POLKADOT TISSUES,4067
85150,LADIES & GENTLEMEN METAL SIGN,4037
21154,RED RETROSPOT OVEN GLOVE ,4034
17084R,ASSORTED INCENSE PACK,4032
21124,SET/10 BLUE POLKADOT PARTY CANDLES,4011
23353,6 GIFT TAGS VINTAGE CHRISTMAS ,4007
23378,PACK OF 12 50'S CHRISTMAS TISSUES,3997
22816,CARD MOTORBIKE SANTA,3987
23439,HAND WARMER RED LOVE HEART,3986
21936,RED RETROSPOT PICNIC BAG,3985
21238,RED RETROSPOT CUP,3969
23493,VINTAGE DOILY TRAVEL SEWING KIT,3964
15056N,EDWARDIAN PARASOL NATURAL,3950
22491,PACK OF 12 COLOURED PENCILS,3947
21559,STRAWBERRY LUNCH BOX WITH CUTLERY,3933
22037,ROBOT BIRTHDAY CARD,3929
21479,WHITE SKULL HOT WATER BOTTLE ,3915
21390,FILIGRIS HEART WITH BUTTERFLY,3903
22962,JAM JAR WITH PINK LID,3896
22991,GIRAFFE WOODEN RULER,3887
21385,IVORY HANGING DECORATION  HEART,3883
82581,TOILET METAL SIGN,3883
21394,RED POLKADOT BEAKER ,3865
23263,SET OF 3 WOODEN HEART DECORATIONS,3863
23172,REGENCY TEA PLATE PINK,3861
51014A,"FEATHER PEN,HOT PINK",3842
16218,CARTOON  PENCIL SHARPENERS,3821
23318,BOX OF 6 MINI VINTAGE CRACKERS,3809
48187,DOORMAT NEW ENGLAND,3807
22772,PINK DRAWER KNOB ACRYLIC EDWARDIAN,3793
21876,POTTERING MUG,3789
20984,12 PENCILS TALL TUBE POSY,3785
84997C,BLUE 3 PIECE POLKADOT CUTLERY SET,3783
22985,"WRAP, BILLBOARD FONTS DESIGN",3782
22413,METAL SIGN TAKE IT OR LEAVE IT ,3774
21908,CHOCOLATE THIS WAY METAL SIGN,3771
48138,DOORMAT UNION FLAG,3751
22367,CHILDRENS APRON SPACEBOY DESIGN,3749
22154,ANGEL DECORATION 3 BUTTONS ,3745
23182,TOILET SIGN OCCUPIED OR VACANT,3741
21509,COWBOYS AND INDIANS BIRTHDAY CARD ,3741
23354,6 GIFT TAGS 50'S CHRISTMAS ,3740
20979,36 PENCILS TUBE RED RETROSPOT,3734
84596F,SMALL MARSHMALLOWS PINK BOWL,3732
23275,SET OF 3 HANGING OWLS OLLIE BEAK,3720
23319,BOX OF 6 MINI 50'S CRACKERS,3720
21098,CHRISTMAS TOILET ROLL,3719
22631,CIRCUS PARADE LUNCH BOX ,3677
20677,PINK POLKADOT BOWL,3674
23503,PLAYING CARDS KEEP CALM & CARRY ON,3643
22818,CARD CHRISTMAS VILLAGE,3633
22530,MAGIC DRAWING SLATE DOLLY GIRL ,3628
84950,ASSORTED COLOUR T-LIGHT HOLDER,3619
48185,DOORMAT FAIRY CAKE,3615
35953,FOLKART STAR CHRISTMAS DECORATIONS,3581
21240,BLUE POLKADOT CUP,3570
23215,JINGLE BELL HEART ANTIQUE SILVER,3564
23351,ROLL WRAP 50'S CHRISTMAS,3535
21485,RETROSPOT HEART HOT WATER BOTTLE,3524
23192,BUNDLE OF 3 ALPHABET EXERCISE BOOKS,3516
22714,CARD BIRTHDAY COWBOY,3487
21172,PARTY METAL SIGN ,3485
22596,CHRISTMAS STAR WISH LIST CHALKBOARD,3476
23188,VINTAGE  2 METER FOLDING RULER,3471
21984,PACK OF 12 PINK PAISLEY TISSUES ,3458
23326,HANGING MINI COLOURED BOTTLES,3442
22713,CARD I LOVE LONDON ,3441
22835,HOT WATER BOTTLE I AM SO POORLY,3441
22381,TOY TIDY PINK POLKADOT,3439
22920,HERB MARKER BASIL,3423
22663,JUMBO BAG DOLLY GIRL DESIGN,3419
48194,DOORMAT HEARTS,3416
22158,3 HEARTS HANGING DECORATION RUSTIC,3413
22464,HANGING METAL HEART LANTERN,3402
21935,SUKI  SHOULDER BAG,3393
23583,LUNCH BAG PAISLEY PARK  ,3385
22531,MAGIC DRAWING SLATE CIRCUS PARADE  ,3382
16259,PIECE OF CAMO STATIONERY SET,3380
22047,EMPIRE GIFT WRAP,3375
22944,CHRISTMAS METAL POSTCARD WITH BELLS,3375
22568,FELTCRAFT CUSHION OWL,3373
21242,RED RETROSPOT PLATE ,3373
23198,PANTRY MAGNETIC  SHOPPING LIST,3342
22419,LIPSTICK PEN RED,3338
16216,LETTER SHAPE PENCIL SHARPENER,3333
21313,GLASS HEART T-LIGHT HOLDER ,3321
21507,"ELEPHANT, BIRTHDAY CARD, ",3320
84029G,KNITTED UNION FLAG HOT WATER BOTTLE,3319
72232,FENG SHUI PILLAR CANDLE,3317
21481,FAWN BLUE HOT WATER BOTTLE,3307
21519,GIN & TONIC DIET GREETING CARD ,3299
23168,CLASSIC SUGAR DISPENSER,3291
22963,JAM JAR WITH GREEN LID,3290
23367,SET 12 COLOUR PENCILS SPACEBOY ,3278
21623,VINTAGE UNION JACK MEMOBOARD,3269
22766,PHOTO FRAME CORNICE,3267
22734,SET OF 6 RIBBONS VINTAGE CHRISTMAS,3261
23546,WRAP PAISLEY PARK ,3250
22142,CHRISTMAS CRAFT WHITE FAIRY ,3247
21523,DOORMAT FANCY FONT HOME SWEET HOME,3245
84050,PINK HEART SHAPE EGG FRYING PAN,3229
21900,"KEY FOB , SHED",3228
23349,ROLL WRAP VINTAGE CHRISTMAS,3221
22113,GREY HEART HOT WATER BOTTLE,3220
22174,PHOTO CUBE,3218
47591D,PINK FAIRY CAKE CHILDRENS APRON,3207
22716,CARD CIRCUS PARADE,3201
22488,NATURAL SLATE RECTANGLE CHALKBOARD,3195
21892,TRADITIONAL WOODEN CATCH CUP GAME ,3192
20996,JAZZ HEARTS ADDRESS BOOK,3191
22549,PICTURE DOMINOES,3188
21156,RETROSPOT CHILDRENS APRON,3170
23000,TRAVEL CARD WALLET TRANSPORT,3169
23175,REGENCY MILK JUG PINK ,3160
21155,RED RETROSPOT PEG BAG,3155
22915,ASSORTED BOTTLE TOP  MAGNETS ,3152
POST,POSTAGE,3150
22296,HEART IVORY TRELLIS LARGE,3140
84536A,ENGLISH ROSE NOTEBOOK A7 SIZE,3138
22804,CANDLEHOLDER PINK HANGING HEART,3131
20675,BLUE POLKADOT BOWL,3120
23165,LARGE CERAMIC TOP STORAGE JAR,3114
22775,PURPLE DRAWERKNOB ACRYLIC EDWARDIAN,3105
22243,5 HOOK HANGER RED MAGIC TOADSTOOL,3098
22352,LUNCH BOX WITH CUTLERY RETROSPOT ,3088
22570,FELTCRAFT CUSHION RABBIT,3086
21746,SMALL RED RETROSPOT WINDMILL,3075
22466,FAIRY TALE COTTAGE NIGHTLIGHT,3069
23322,LARGE WHITE HEART OF WICKER,3069
16235,RECYCLED PENCIL WITH RABBIT ERASER,3068
23174,REGENCY SUGAR BOWL GREEN,3055
84987,SET OF 36 TEATIME PAPER DOILIES,3051
16219,HOUSE SHAPE PENCIL SHARPENER,3048
22028,PENNY FARTHING BIRTHDAY CARD,3042
23376,PACK OF 12 VINTAGE CHRISTMAS TISSUE,3039
21430,SET/3 RED GINGHAM ROSE STORAGE BOX,3034
22614,PACK OF 12 SPACEBOY TISSUES,3032
22150,3 STRIPEY MICE FELTCRAFT,3021
21239,PINK  POLKADOT CUP,3016
82552,WASHROOM METAL SIGN,3012
85049A,TRADITIONAL CHRISTMAS RIBBONS,3001
22945,CHRISTMAS METAL TAGS ASSORTED ,2991
23313,VINTAGE CHRISTMAS BUNTING,2990
35961,FOLKART ZINC HEART CHRISTMAS DEC,2986
21874,GIN AND TONIC MUG,2974
22507,MEMO BOARD RETROSPOT  DESIGN,2960
84832,ZINC WILLIE WINKIE  CANDLE STICK,2933
22539,MINI JIGSAW DOLLY GIRL,2918
82551,LAUNDRY 15C METAL SIGN,2918
22711,WRAP CIRCUS PARADE,2902
22999,TRAVEL CARD WALLET RETRO PETALS,2894
16008,SMALL FOLDING SCISSOR(POINTED EDGE),2892
22730,ALARM CLOCK BAKELIKE IVORY,2885
22667,RECIPE BOX RETROSPOT ,2882
23507,MINI PLAYING CARDS BUFFALO BILL ,2882
21135,VICTORIAN  METAL POSTCARD SPRING,2869
85049E,SCANDINAVIAN REDS RIBBONS,2860
10133,COLOURING PENCILS BROWN TUBE,2856
20717,STRAWBERRY SHOPPER BAG,2855
23210,WHITE ROCKING HORSE HAND PAINTED,2849
22196,SMALL HEART MEASURING SPOONS,2847
15056BL,EDWARDIAN PARASOL BLACK,2844
23571,TRADITIONAL NAUGHTS & CROSSES,2841
23328,SET 6 SCHOOL MILK BOTTLES IN CRATE,2841
21395,BLUE POLKADOT BEAKER ,2838
22437,SET OF 9 BLACK SKULL BALLOONS,2828
22563,HAPPY STENCIL CRAFT,2823
22597,CHRISTMAS MUSICAL ZINC HEART ,2821
22303,COFFEE MUG APPLES DESIGN,2816
22989,SET 2 PANTRY DESIGN TEA TOWELS,2811
23306,SET OF 36 DOILIES PANTRY DESIGN,2808
22708,WRAP DOLLY GIRL,2800
22141,CHRISTMAS CRAFT TREE TOP ANGEL,2791
22295,HEART FILIGREE DOVE LARGE,2789
21621,VINTAGE UNION JACK BUNTING,2787
22792,FLUTED ANTIQUE CANDLE HOLDER,2785
23570,TRADITIONAL PICK UP STICKS GAME ,2772
21078,SET/20 STRAWBERRY PAPER NAPKINS ,2769
23173,REGENCY TEAPOT ROSES ,2766
22637,PIGGY BANK RETROSPOT ,2760
21754,HOME BUILDING BLOCK WORD,2759
22569,FELTCRAFT CUSHION BUTTERFLY,2759
22435,SET OF 9 HEART SHAPED BALLOONS,2757
22851,SET 20 NAPKINS FAIRY CAKES DESIGN ,2741
21818,GLITTER CHRISTMAS HEART ,2737
20983,12 PENCILS TALL TUBE RED RETROSPOT,2737
47503A,ASS FLORAL PRINT MULTI SCREWDRIVER,2734
21833,CAMOUFLAGE LED TORCH,2726
23506,MINI PLAYING CARDS SPACEBOY ,2723
21932,SCANDINAVIAN PAISLEY PICNIC BAG,2720
23350,ROLL WRAP VINTAGE SPOT ,2712
70006,LOVE HEART POCKET WARMER,2702
23154,SET OF 4 JAM JAR MAGNETS,2701
22564,ALPHABET STENCIL CRAFT,2697
22984,CARD GINGHAM ROSE ,2693
51014C,"FEATHER PEN,COAL BLACK",2687
22573,STAR WOODEN CHRISTMAS DECORATION,2684
22082,RIBBON REEL STRIPES DESIGN ,2680
21899,"KEY FOB , GARAGE DESIGN",2679
21933,PINK VINTAGE PAISLEY PICNIC BAG,2672
23445,ICE CREAM BUBBLES,2668
23320,GIANT 50'S CHRISTMAS CRACKER,2661
85199S,SMALL HANGING IVORY/RED WOOD BIRD,2660
22855,FINE WICKER HEART ,2642
22817,CARD SUKI BIRTHDAY,2639
23158,SET OF 5 LUCKY CAT MAGNETS ,2633
23346,SPACEBOY BEAKER,2628
22815,CARD PSYCHEDELIC APPLES,2628
23508,MINI PLAYING CARDS DOLLY GIRL ,2627
22964,3 PIECE SPACEBOY COOKIE CUTTER SET,2624
21830,ASSORTED CREEPY CRAWLIES,2621
21084,SET/6 COLLAGE PAPER CUPS,2610
22819,"BIRTHDAY CARD, RETRO SPOT",2608
47556B,TEA TIME TEA TOWELS ,2600
21035,SET/2 RED RETROSPOT TEA TOWELS ,2599
22421,LIPSTICK PEN FUSCHIA,2597
22153,ANGEL DECORATION STARS ON DRESS,2593
22398,MAGNETS PACK OF 4 SWALLOWS,2575
84997A,GREEN 3 PIECE POLKADOT CUTLERY SET,2573
37370,RETRO COFFEE MUGS ASSORTED,2567
23497,CLASSIC CHROME BICYCLE BELL ,2558
23157,SET OF 6 NATIVITY MAGNETS ,2557
21650,ASSORTED TUTTI FRUTTI BRACELET,2550
22460,EMBOSSED GLASS TEALIGHT HOLDER,2546
17096,ASSORTED LAQUERED INCENSE HOLDERS,2545
22997,TRAVEL CARD WALLET UNION JACK,2545
37340,MULTICOLOUR SPRING FLOWER MUG,2544
23177,TREASURE ISLAND BOOK BOX,2532
21878,PACK OF 6 SANDCASTLE FLAGS ASSORTED,2523
23510,MINI PLAYING CARDS GYMKHANA,2521
22540,MINI JIGSAW CIRCUS PARADE ,2519
85178,VICTORIAN SEWING KIT,2518
23121,PACK OF 6 COCKTAIL PARASOL STRAWS,2501
23340,VINTAGE CHRISTMAS CAKE FRILL,2500
23236,DOILEY STORAGE TIN,2493
21535,RED RETROSPOT SMALL MILK JUG,2487
22619,SET OF 6 SOLDIER SKITTLES,2480
23545,WRAP RED DOILEY,2480
22601,CHRISTMAS RETROSPOT ANGEL WOOD,2479
21508,VINTAGE KID DOLLY CARD ,2478
21868,POTTING SHED TEA MUG,2477
22892,SET OF SALT AND PEPPER TOADSTOOLS,2472
21642,ASSORTED TUTTI FRUTTI PEN,2471
21819,GLITTER CHRISTMAS STAR ,2470
22339,CHRISTMAS TREE PAINTED ZINC ,2468
22978,PANTRY ROLLING PIN,2464
22493,PAINT YOUR OWN CANVAS SET,2461
47599A,PINK PARTY BAGS,2456
23374,RED SPOT PAPER GIFT BAG,2456
22155,STAR DECORATION RUSTIC,2452
23345, DOLLY GIRL BEAKER,2451
85212,MINI PAINTED GARDEN DECORATION ,2451
22567,20 DOLLY PEGS RETROSPOT,2448
22173,METAL 4 HOOK HANGER FRENCH CHATEAU,2444
22571,ROCKING HORSE RED CHRISTMAS ,2434
21218,RED SPOTTY BISCUIT TIN,2433
22971,QUEENS GUARD COFFEE MUG,2431
23290,SPACEBOY CHILDRENS BOWL,2430
21934,SKULL SHOULDER BAG,2421
22898,CHILDRENS APRON APPLES DESIGN,2414
21090,SET/6 COLLAGE PAPER PLATES,2413
84929,ASSTD FRUIT+FLOWERS FRIDGE MAGNETS,2412
21989,PACK OF 20 SKULL PAPER NAPKINS,2409
22152,PLACE SETTING WHITE STAR,2407
22024,RAINY LADIES BIRTHDAY CARD,2406
17021,NAMASTE SWAGAT INCENSE,2391
23311,VINTAGE CHRISTMAS STOCKING ,2390
82483,WOOD 2 DRAWER CABINET WHITE FINISH,2386
23109,LED TEA LIGHTS,2386
22995,TRAVEL CARD WALLET SUKI,2381
22336,DOVE DECORATION PAINTED ZINC ,2381
22335,HEART DECORATION PAINTED ZINC ,2380
47566B,TEA TIME PARTY BUNTING,2379
23368,SET 12 COLOUR PENCILS DOLLY GIRL ,2379
22813,PACK 3 BOXES BIRD PANNETONE ,2372
21907,I'M ON HOLIDAY METAL SIGN,2371
22938,CUPCAKE LACE PAPER SET 6,2367
22980,PANTRY SCRUBBING BRUSH,2363
22749,FELTCRAFT PRINCESS CHARLOTTE DOLL,2362
23356,LOVE HOT WATER BOTTLE,2359
23089,GLASS BON BON JAR,2354
22645,CERAMIC HEART FAIRY CAKE MONEY BANK,2354
21803,CHRISTMAS TREE STAR DECORATION,2353
23380,PACK OF 12 VINTAGE DOILY TISSUES,2344
22227,HANGING HEART MIRROR DECORATION ,2341
23187,FRENCH STYLE STORAGE JAR BONBONS,2338
22574,HEART WOODEN CHRISTMAS DECORATION,2333
22584,PACK OF 6 PANNETONE GIFT BOXES,2330
23211,RED ROCKING HORSE HAND PAINTED,2329
22302,COFFEE MUG PEARS  DESIGN,2329
23082,SET 6 PAPER TABLE LANTERN HEARTS ,2328
23032,DRAWER KNOB CRACKLE GLAZE IVORY,2328
47590B,PINK HAPPY BIRTHDAY BUNTING,2323
22729,ALARM CLOCK BAKELIKE ORANGE,2323
21988,PACK OF 6 SKULL PAPER PLATES,2321
21983,PACK OF 12 BLUE PAISLEY TISSUES ,2301
23212,HEART WREATH DECORATION WITH BELL,2296
23159,SET OF 5 PANCAKE DAY MAGNETS,2293
21243,PINK  POLKADOT PLATE ,2285
22378,WALL TIDY RETROSPOT ,2283
23119,PACK OF 6 LARGE FRUIT STRAWS ,2282
21244,BLUE POLKADOT PLATE ,2282
22130,PARTY CONE CHRISTMAS DECORATION ,2277
23334,IVORY WICKER HEART SMALL,2271
22593,CHRISTMAS GINGHAM STAR,2263
22774,RED DRAWER KNOB ACRYLIC EDWARDIAN,2254
23122,PARTY CHARMS 50 PIECES,2251
22046,TEA PARTY  WRAPPING PAPER ,2250
23366,SET 12 COLOURING PENCILS DOILY,2249
22066,LOVE HEART TRINKET POT,2239
23090,VINTAGE GLASS T-LIGHT HOLDER,2237
10135,COLOURING PENCILS BROWN TUBE,2229
23155,KNICKERBOCKERGLORY MAGNET ASSORTED ,2221
23108,SET OF 10 LED DOLLY LIGHTS,2219
21974,SET OF 36 PAISLEY FLOWER DOILIES,2219
22602,CHRISTMAS RETROSPOT HEART WOOD,2215
22644,CERAMIC CHERRY CAKE MONEY BANK,2214
22617,BAKING SET SPACEBOY DESIGN,2209
22301,COFFEE MUG CAT + BIRD DESIGN,2205
23191,BUNDLE OF 3 RETRO NOTE BOOKS,2201
22156,HEART DECORATION WITH PEARLS ,2196
22994,TRAVEL CARD WALLET RETROSPOT,2194
23247,BISCUIT TIN 50'S CHRISTMAS,2194
23035,DRAWER KNOB CERAMIC IVORY,2191
23292,SPACE BOY CHILDRENS CUP,2181
85015,SET OF 12  VINTAGE POSTCARD SET,2180
22668,PINK BABY BUNTING,2179
22738,RIBBON REEL SNOWY VILLAGE,2173
22651,GENTLEMAN SHIRT REPAIR KIT ,2166
22094,RED RETROSPOT TISSUE BOX,2166
23100,SILVER BELLS TABLE DECORATION,2166
23176,ABC TREASURE BOOK BOX ,2165
21380,WOODEN HAPPY BIRTHDAY GARLAND,2165
23241,TREASURE TIN GYMKHANA DESIGN,2165
20982,12 PENCILS TALL TUBE SKULLS,2151
21592,RETROSPOT CIGAR BOX MATCHES ,2149
85061W,WHITE JEWELLED HEART DECORATION,2146
23148,MINIATURE ANTIQUE ROSE HOOK IVORY,2139
82486,WOOD S/3 CABINET ANT WHITE FINISH,2136
22436,12 COLOURED PARTY BALLOONS,2134
21558,SKULL LUNCH BOX WITH CUTLERY ,2131
22814,CARD PARTY GAMES ,2129
21216,"SET 3 RETROSPOT TEA,COFFEE,SUGAR",2128
21802,CHRISTMAS TREE HEART DECORATION,2122
23002,TRAVEL CARD WALLET SKULLS,2119
22748,POPPY'S PLAYHOUSE KITCHEN,2117
21987,PACK OF 6 SKULL PAPER CUPS,2113
23256,CHILDRENS CUTLERY SPACEBOY ,2113
22427,ENAMEL FLOWER JUG CREAM,2106
22546,MINI JIGSAW PURDEY,2103
84536B,FAIRY CAKES NOTEBOOK A7 SIZE,2102
72351B,SET/6 PINK  BUTTERFLY T-LIGHTS,2096
23434,3 RAFFIA RIBBONS 50'S CHRISTMAS ,2095
22499,WOODEN UNION JACK BUNTING,2091
15039,SANDALWOOD FAN,2090
23333,IVORY WICKER HEART MEDIUM,2089
23145,ZINC T-LIGHT HOLDER STAR LARGE,2084
17091J,VANILLA INCENSE IN TIN,2084
47559B,TEA TIME OVEN GLOVE,2077
22773,GREEN DRAWER KNOB ACRYLIC EDWARDIAN,2075
22615,PACK OF 12 CIRCUS PARADE TISSUES ,2073
22899,CHILDREN'S APRON DOLLY GIRL ,2069
48188,DOORMAT WELCOME PUPPIES,2064
23332,IVORY WICKER HEART LARGE,2059
51014L,"FEATHER PEN,LIGHT PINK",2059
82578,KITCHEN METAL SIGN,2058
22895,SET OF 2 TEA TOWELS APPLE AND PEARS,2058
22431,WATERING CAN BLUE ELEPHANT,2058
22706,WRAP COWBOYS  ,2057
21875,KINGS CHOICE MUG,2055
21399,BLUE POLKADOT COFFEE MUG,2054
22465,HANGING METAL STAR LANTERN,2053
23266,SET OF 3 WOODEN STOCKING DECORATION,2053
85204,HANGING WOOD AND FELT FLOWER,2050
22956,36 FOIL HEART CAKE CASES,2050
48184,DOORMAT ENGLISH ROSE ,2035
23101,SILVER STARS TABLE DECORATION,2031
22131,FOOD CONTAINER SET 3 LOVE HEART ,2031
23280,FOLDING BUTTERFLY MIRROR HOT PINK ,2023
22745,POPPY'S PLAYHOUSE BEDROOM ,2021
47504K,ENGLISH ROSE GARDEN SECATEURS,2018
84406B,CREAM CUPID HEARTS COAT HANGER,2015
21843,RED RETROSPOT CAKE STAND,2012
21755,LOVE BUILDING BLOCK WORD,2011
22268,EASTER DECORATION SITTING BUNNY,2009
22594,CHRISTMAS GINGHAM TREE,2006
23004,TRAVEL CARD WALLET PANTRY,2002
22750,FELTCRAFT PRINCESS LOLA DOLL,2001
22098,BOUDOIR SQUARE TISSUE BOX,1992
47590A,BLUE HAPPY BIRTHDAY BUNTING,1990
47593B,SCOTTIE DOGS BABY BIB,1987
22091,EMPIRE TISSUE BOX,1983
23186,FRENCH STYLE STORAGE JAR CAFE ,1982
22725,ALARM CLOCK BAKELIKE CHOCOLATE,1980
23436,GIFT BAG LARGE VINTAGE CHRISTMAS,1979
22195,LARGE HEART MEASURING SPOONS,1976
84598,BOYS ALPHABET IRON ON PATCHES,1975
22548,HEADS AND TAILS SPORTING FUN,1975
20981,12 PENCILS TALL TUBE WOODLAND,1974
22343,PARTY PIZZA DISH RED RETROSPOT,1974
21544,SKULLS  WATER TRANSFER TATTOOS ,1972
21809,CHRISTMAS HANGING TREE WITH BELL,1964
23264,SET OF 3 WOODEN SLEIGH DECORATIONS,1963
21749,LARGE RED RETROSPOT WINDMILL,1963
21902,"KEY FOB , FRONT  DOOR ",1962
20969,RED FLORAL FELTCRAFT SHOULDER BAG,1960
22599,CHRISTMAS MUSICAL ZINC STAR,1953
22241,GARLAND WOODEN HAPPY EASTER,1952
22754,SMALL RED BABUSHKA NOTEBOOK ,1951
21069,VINTAGE BILLBOARD TEA MUG,1949
71053,WHITE METAL LANTERN,1944
21179,NO JUNK MAIL METAL SIGN,1940
23437, 50'S CHRISTMAS GIFT BAG LARGE,1939
22502,PICNIC BASKET WICKER SMALL,1937
21786,POLKADOT RAIN HAT ,1937
21993,FLORAL FOLK STATIONERY SET,1937
22917,HERB MARKER ROSEMARY,1937
22148,EASTER CRAFT 4 CHICKS ,1933
85078,SCANDINAVIAN 3 HEARTS NAPKIN RING,1932
23083,SET 6 PAPER TABLE LANTERN STARS ,1932
21033,JUMBO BAG CHARLIE AND LOLA TOYS,1932
22537,MAGIC DRAWING SLATE DINOSAUR,1929
21494,ROTATING LEAVES T-LIGHT HOLDER,1928
23504,PLAYING CARDS JUBILEE UNION JACK,1927
23193,BUFFALO BILL TREASURE BOOK BOX,1922
21824,PAINTED METAL STAR WITH HOLLY BELLS,1916
22940,FELTCRAFT CHRISTMAS FAIRY,1915
23399,HOME SWEET HOME HANGING HEART,1914
85014B,RED RETROSPOT UMBRELLA,1910
21845,DAIRY MAID STRIPE MUG,1906
22916,HERB MARKER THYME,1905
21880,RED RETROSPOT TAPE,1903
21992,VINTAGE PAISLEY STATIONERY SET,1901
22439,6 ROCKET BALLOONS ,1898
22079,RIBBON REEL HEARTS DESIGN ,1897
22088,PAPER BUNTING COLOURED LACE,1893
21504,SKULLS GREETING CARD,1891
22805,BLUE DRAWER KNOB ACRYLIC EDWARDIAN,1890
22266,EASTER DECORATION HANGING BUNNY,1887
22705,WRAP GREEN PEARS ,1883
22624,IVORY KITCHEN SCALES,1883
22670,FRENCH WC SIGN BLUE METAL,1882
23287,RED VINTAGE SPOT BEAKER,1879
21034,REX CASH+CARRY JUMBO SHOPPER,1878
22653,BUTTON BOX ,1876
23382,BOX OF 6 CHRISTMAS CAKE DECORATIONS,1875
23196,RETRO LEAVES MAGNETIC NOTEPAD,1872
22893,MINI CAKE STAND T-LIGHT HOLDER,1872
21484,CHICK GREY HOT WATER BOTTLE,1871
23229,VINTAGE DONKEY TAIL GAME ,1869
22918,HERB MARKER PARSLEY,1869
23147,SINGLE ANTIQUE ROSE HOOK IVORY,1868
23552,BICYCLE PUNCTURE REPAIR KIT ,1863
21403,BLUE EGG  SPOON,1857
23365,SET 12 COLOUR PENCILS LOVE LONDON,1857
84596G,SMALL CHOCOLATES PINK BOWL,1855
23550,WRAP ALPHABET POSTER  ,1855
23238,SET OF 4 KNICK KNACK TINS LONDON ,1849
35471D,SET OF 3 BIRD LIGHT PINK FEATHER ,1848
21844,RED RETROSPOT MUG,1847
72818,CHRISTMAS DECOUPAGE CANDLE,1845
22694,WICKER STAR ,1842
22331,WOODLAND PARTY BAG + STICKER SET,1840
23551,PACK OF 12 PAISLEY PARK TISSUES ,1840
23194,GYMKHANNA TREASURE BOOK BOX,1835
22025,RING OF ROSES BIRTHDAY CARD,1835
22904,CALENDAR PAPER CUT DESIGN,1834
23163,REGENCY SUGAR TONGS,1832
22093,MOTORING TISSUE BOX,1830
21901,"KEY FOB , BACK DOOR ",1828
23501,KEY RING BASEBALL BOOT UNION JACK,1821
22739,RIBBON REEL CHRISTMAS SOCK BAUBLE,1818
21381,MINI WOODEN HAPPY BIRTHDAY GARLAND,1811
23438, RED SPOT GIFT BAG LARGE,1809
23352,ROLL WRAP 50'S RED CHRISTMAS ,1800
48173C,DOORMAT BLACK FLOCK ,1799
23480,MINI LIGHTS WOODLAND MUSHROOMS,1798
22798,ANTIQUE GLASS DRESSING TABLE POT,1798
22972,CHILDREN'S SPACEBOY MUG,1795
20978,36 PENCILS TUBE SKULLS,1795
22171,3 HOOK PHOTO SHELF ANTIQUE WHITE,1794
23330,DECORATIVE WICKER HEART MEDIUM,1794
21287,SCENTED VELVET LOUNGE CANDLE ,1790
22752,SET 7 BABUSHKA NESTING BOXES,1787
21912,VINTAGE SNAKES & LADDERS,1786
85066,CREAM SWEETHEART MINI CHEST,1784
22533,MAGIC DRAWING SLATE BAKE A CAKE ,1782
22059,CERAMIC STRAWBERRY DESIGN MUG,1780
22957,SET 3 PAPER VINTAGE CHICK PAPER EGG,1775
22075,6 RIBBONS ELEGANT CHRISTMAS ,1773
23265,SET OF 3 WOODEN TREE DECORATIONS,1769
23329,DECORATIVE WICKER HEART LARGE,1767
21164,HOME SWEET HOME METAL SIGN ,1766
22535,MAGIC DRAWING SLATE BUNNIES ,1763
20749,ASSORTED COLOUR MINI CASES,1762
22128,PARTY CONES CANDY ASSORTED,1762
84971S,SMALL HEART FLOWERS HOOK ,1761
23006,TRAVEL CARD WALLET FLOWER MEADOW,1758
22919,HERB MARKER MINT,1753
21524,DOORMAT SPOTTY HOME SWEET HOME,1752
16011,ANIMAL STICKERS,1749
20750,RED RETROSPOT MINI CASES,1747
21429,RED GINGHAM ROSE JEWELLERY BOX,1740
20977,36 PENCILS TUBE WOODLAND,1739
23327,HANGING CLEAR MINI BOTTLE,1734
22906,12 MESSAGE CARDS WITH ENVELOPES,1733
23271,CHRISTMAS TABLE CANDLE SILVER SPIKE,1731
22064,PINK DOUGHNUT TRINKET POT ,1728
22456,NATURAL SLATE CHALKBOARD LARGE ,1727
21700,BIG DOUGHNUT FRIDGE MAGNETS,1726
22812,PACK 3 BOXES CHRISTMAS PANNETONE,1725
23234,BISCUIT TIN VINTAGE CHRISTMAS,1722
22402,MAGNETS PACK OF 4 VINTAGE COLLAGE,1719
22921,HERB MARKER CHIVES ,1716
22432,WATERING CAN PINK BUNNY,1716
23161,REGENCY CAKE FORK,1715
23251,VINTAGE RED ENAMEL TRIM MUG ,1712
20679,EDWARDIAN PARASOL RED,1710
21937,STRAWBERRY   PICNIC BAG,1707
23371,SET 36 COLOUR PENCILS SPACEBOY ,1705
23254,CHILDRENS CUTLERY DOLLY GIRL ,1703
22244,3 HOOK HANGER MAGIC GARDEN,1703
23190,BUNDLE OF 3 SCHOOL EXERCISE BOOKS  ,1702
22271,FELTCRAFT DOLL ROSIE,1701
22600,CHRISTMAS RETROSPOT STAR WOOD,1698
85053,FRENCH ENAMEL CANDLEHOLDER,1693
21888,BINGO SET,1688
22755,SMALL PURPLE BABUSHKA NOTEBOOK ,1687
23120,PACK OF 6 SMALL FRUIT STRAWS,1685
23213,STAR WREATH DECORATION WITH BELL,1682
21088,SET/6 FRUIT SALAD PAPER CUPS,1678
21990,MODERN FLORAL STATIONERY SET,1672
22941,CHRISTMAS LIGHTS 10 REINDEER,1670
79164,BLACK WINE GLASS,1666
23156,SET OF 5 MINI GROCERY MAGNETS,1665
21883,STARS GIFT TAPE ,1653
85184C,S/4 VALENTINE DECOUPAGE HEART BOX,1652
21714,CITRONELLA CANDLE GARDEN POT,1651
22732,3D VINTAGE CHRISTMAS STICKERS ,1645
22026,BANQUET BIRTHDAY  CARD  ,1644
22095,LADS ONLY TISSUE BOX,1643
23227,FILIGREE HEART BUTTERFLY WHITE ,1642
23498,CLASSIC BICYCLE CLIPS ,1640
22109,FULL ENGLISH BREAKFAST PLATE,1640
21068,VINTAGE BILLBOARD LOVE/HATE MUG,1638
21770,OPEN CLOSED METAL SIGN,1638
23291,DOLLY GIRL CHILDRENS CUP,1634
22718,CARD CAT AND TREE ,1633
84508A,CAMOUFLAGE DESIGN TEDDY,1631
23500,KEY RING BASEBALL BOOT ASSORTED ,1626
23289,DOLLY GIRL CHILDRENS BOWL,1622
22102,MIRROR MOSAIC T-LIGHT HOLDER ,1622
22625,RED KITCHEN SCALES,1620
22690,DOORMAT HOME SWEET HOME BLUE ,1619
21294,ETCHED GLASS COASTER,1618
21873,IF YOU CAN'T STAND THE HEAT MUG,1618
11001,ASSTD DESIGN RACING CAR PEN,1615
22212,FOUR HOOK  WHITE LOVEBIRDS,1609
23373,VINTAGE CHRISTMAS PAPER GIFT BAG,1608
85049G,CHOCOLATE BOX RIBBONS ,1608
21422,PORCELAIN ROSE SMALL,1607
22329,ROUND CONTAINER SET OF 5 RETROSPOT,1603
22501,PICNIC BASKET WICKER LARGE,1602
22948,METAL DECORATION NAUGHTY CHILDREN ,1599
22974,CHILDRENS DOLLY GIRL MUG,1598
23331,DECORATIVE WICKER HEART SMALL,1596
22097,SWALLOW SQUARE TISSUE BOX,1596
22508,DOORSTOP RETROSPOT HEART,1594
22922,FRIDGE MAGNETS US DINER ASSORTED,1587
22896,PEG BAG APPLES DESIGN,1584
22733,3D TRADITIONAL CHRISTMAS STICKERS,1583
82001S,VINYL RECORD FRAME SILVER,1582
37327,ASSTD MULTICOLOUR CIRCLES MUG,1578
23681,LUNCH BAG RED VINTAGE DOILY,1576
23547,WRAP FLOWER SHOP  ,1575
37342,POLKADOT COFFEE CUP & SAUCER PINK,1570
22581,WOOD STOCKING CHRISTMAS SCANDISPOT,1569
22751,FELTCRAFT PRINCESS OLIVIA DOLL,1563
20674,GREEN POLKADOT BOWL,1563
22264,FELT FARM ANIMAL WHITE BUNNY ,1561
23169,CLASSIC GLASS SWEET JAR,1556
46000S,POLYESTER FILLER PAD 40x40cm,1556
23370,SET 36 COLOUR PENCILS DOILEY,1550
22115,METAL SIGN EMPIRE TEA,1549
22715,CARD WEDDING DAY,1543
23135,SMALL ZINC HEART WALL ORGANISER,1541
22576,SWALLOW WOODEN CHRISTMAS DECORATION,1538
22613,PACK OF 20 SPACEBOY NAPKINS,1538
22779,WOODEN OWLS LIGHT GARLAND ,1537
22478,BIRDHOUSE GARDEN MARKER ,1537
23221,REINDEER HEART DECORATION SILVER,1536
23302,KNEELING MAT HOUSEWORK  DESIGN,1536
21398,RED POLKADOT COFFEE  MUG,1532
79163,BLACK CHAMPAGNE GLASS,1529
22300,COFFEE MUG DOG + BALL DESIGN,1528
17038,PORCELAIN BUDAH INCENSE HOLDER,1525
22692,DOORMAT WELCOME TO OUR HOME,1522
85132C,CHARLIE AND LOLA FIGURES TINS,1520
21531,RED RETROSPOT SUGAR JAM BOWL,1516
22665,RECIPE BOX BLUE SKETCHBOOK DESIGN,1516
22208,WOOD STAMP SET THANK YOU,1509
84030E,ENGLISH ROSE HOT WATER BOTTLE,1497
23381,PACK OF 12 VINTAGE LEAF TISSUES ,1496
21588,RETROSPOT GIANT TUBE MATCHES,1494
21718,RED METAL BEACH SPADE ,1493
23228,FILIGREE HEART BIRD WHITE ,1492
48116,DOORMAT MULTICOLOUR STRIPE,1491
21015,DARK BIRD HOUSE TREE DECORATION,1483
47599B,BLUE PARTY BAGS ,1480
23197,SKETCHBOOK MAGNETIC SHOPPING LIST,1478
85227,SET OF 6 3D KIT CARDS FOR KIDS,1477
22672,FRENCH BATHROOM SIGN BLUE METAL,1476
22185,SLATE TILE NATURAL HANGING,1472
23242,TREASURE TIN BUFFALO BILL ,1470
21158,MOODY GIRL DOOR HANGER ,1469
23323,WHITE WICKER STAR ,1469
85062,PEARL CRYSTAL PUMPKIN T-LIGHT HLDR,1462
21162,TOXIC AREA  DOOR HANGER ,1462
16048,TEATIME ROUND PENCIL SHARPENER ,1460
21705,BAG 500g SWIRLY MARBLES,1459
20754,RETROSPOT RED WASHING UP GLOVES,1457
22505,MEMO BOARD COTTAGE DESIGN,1457
22543,MINI JIGSAW BAKE A CAKE ,1453
22035,VINTAGE CARAVAN GREETING CARD ,1452
37448,CERAMIC CAKE DESIGN SPOTTED MUG,1451
23160,REGENCY TEA SPOON,1450
23431,NATURAL HANGING QUILTED HEARTS ,1449
22746,POPPY'S PLAYHOUSE LIVINGROOM ,1447
23268,SET OF 2 CERAMIC CHRISTMAS REINDEER,1447
22191,IVORY DINER WALL CLOCK,1445
22099,CARAVAN SQUARE TISSUE BOX,1440
16236,KITTY PENCIL ERASERS,1438
22101,MIRROR MOSAIC VOTIVE HOLDER,1438
21167,WHITE SAGE INCENSE,1432
21439,BASKET OF TOADSTOOLS,1430
21716,BOYS VINTAGE TIN SEASIDE BUCKET,1425
22089,PAPER BUNTING VINTAGE PAISLEY,1423
84818,DANISH ROSE PHOTO FRAME,1423
23312,VINTAGE CHRISTMAS GIFT SACK,1423
22562,MONSTERS STENCIL CRAFT,1413
23162,REGENCY TEA STRAINER,1412
22654,DELUXE SEWING KIT ,1411
22350,ILLUSTRATED CAT BOWL ,1410
85111,SILVER GLITTER FLOWER VOTIVE HOLDER,1409
21870,I CAN ONLY PLEASE ONE PERSON MUG,1407
79030G,"TUMBLER, NEW ENGLAND",1403
22074,6 RIBBONS SHIMMERING PINKS ,1402
22193,RED DINER WALL CLOCK,1400
22340,NOEL GARLAND PAINTED ZINC ,1398
16238,PARTY TIME PENCIL ERASERS,1396
21563,RED HEART SHAPE LOVE BUCKET ,1395
72802C,VANILLA SCENT CANDLE JEWELLED BOX,1395
22433,WATERING CAN GREEN DINOSAUR,1394
22400,MAGNETS PACK OF 4 HOME SWEET HOME,1393
23372,SET 36 COLOUR PENCILS DOLLY GIRL,1389
22737,RIBBON REEL CHRISTMAS PRESENT ,1388
23534,STOP FOR TEA WALL ART,1387
22603,CHRISTMAS RETROSPOT TREE WOOD,1387
21014,SWISS CHALET TREE DECORATION ,1385
22572,ROCKING HORSE GREEN CHRISTMAS ,1380
22299,PIG KEYRING WITH LIGHT & SOUND ,1379
22055,MINI CAKE STAND  HANGING STRAWBERY,1375
21591,COSY HOUR CIGAR BOX MATCHES ,1374
21823,PAINTED METAL HEART WITH HOLLY BELL,1372
22965,3 TRADITIONAL COOKIE CUTTERS  SET,1371
22078,RIBBON REEL LACE DESIGN ,1369
21402,RED  EGG  SPOON,1369
23028,DRAWER KNOB CRACKLE GLAZE BLUE,1369
22096,PINK PAISLEY SQUARE TISSUE BOX ,1366
22349,DOG BOWL CHASING BALL DESIGN,1366
22477,WATERING CAN GARDEN MARKER,1364
22702,BLACK AND WHITE CAT BOWL,1363
22923,FRIDGE MAGNETS LES ENFANTS ASSORTED,1360
85048,15CM CHRISTMAS GLASS BALL 20 LIGHTS,1359
21112,"SWISS ROLL TOWEL, PINK  SPOTS",1359
23225,CHERUB HEART DECORATION SILVER ,1355
22943,CHRISTMAS LIGHTS 10 VINTAGE BAUBLES,1355
37446,MINI CAKE STAND WITH HANGING CAKES,1354
23029,DRAWER KNOB CRACKLE GLAZE GREEN,1352
21533,RETROSPOT LARGE MILK JUG,1351
23377,PACK OF 12 DOLLY GIRL TISSUES,1351
22897,OVEN MITT APPLES DESIGN,1350
22674,FRENCH TOILET SIGN BLUE METAL,1346
22780,LIGHT GARLAND BUTTERFILES PINK,1346
22622,BOX OF VINTAGE ALPHABET BLOCKS,1342
23375,50'S CHRISTMAS PAPER GIFT BAG,1342
21114,LAVENDER SCENTED FABRIC HEART,1341
22274,FELTCRAFT DOLL EMILY,1340
21328,BALLOONS  WRITING SET ,1337
20963,APPLE BATH SPONGE,1336
22420,LIPSTICK PEN BABY PINK,1333
22207,FRYING PAN UNION FLAG,1333
84535B,FAIRY CAKES NOTEBOOK A6 SIZE,1332
21715,GIRLS VINTAGE TIN SEASIDE BUCKET,1330
22377,BOTTLE BAG RETROSPOT ,1330
23483,HANGING  BUTTERFLY T-LIGHT HOLDER,1328
22607,WOODEN ROUNDERS GARDEN SET ,1327
22709,WRAP WEDDING DAY,1325
23535,BICYCLE SAFTEY WALL ART,1324
22319,HAIRCLIPS FORTIES FABRIC ASSORTED,1322
22403,MAGNETS PACK OF 4 VINTAGE LABELS ,1322
22117,METAL SIGN HER DINNER IS SERVED ,1320
35923,CANDY HEART HANGING DECORATION,1318
85172,HYACINTH BULB T-LIGHT CANDLES,1314
20829,GLITTER HANGING BUTTERFLY STRING,1314
22380,TOY TIDY SPACEBOY  ,1312
23499,SET 12 VINTAGE DOILY CHALK ,1312
22580,ADVENT CALENDAR GINGHAM SACK,1311
23217,LAUREL HEART ANTIQUE SILVER,1309
23549,WRAP BIRD GARDEN ,1305
10125,MINI FUNKY DESIGN TAPES,1295
22924,FRIDGE MAGNETS LA VIE EN ROSE,1295
21788,KIDS RAIN MAC BLUE,1293
21872,GLAMOROUS  MUG,1292
21206,STRAWBERRY HONEYCOMB  GARLAND ,1290
85071B,RED CHARLIE+LOLA PERSONAL DOORSIGN,1290
22291,HANGING CHICK CREAM DECORATION,1289
22902,TOTE BAG I LOVE LONDON,1288
85230B,CINNAMON SCENTED VOTIVE CANDLE,1288
21561,DINOSAUR LUNCH BOX WITH CUTLERY,1281
23281,FOLDING BUTTERFLY MIRROR RED  ,1280
23031,DRAWER KNOB CRACKLE GLAZE PINK,1278
23432,PRETTY HANGING QUILTED HEARTS,1276
23426,METAL SIGN DROP YOUR PANTS,1275
23102,SILVER HEARTS TABLE DECORATION,1274
22422,TOOTHPASTE TUBE PEN,1273
16016,LARGE CHINESE STYLE SCISSOR,1273
22784,LANTERN CREAM GAZEBO ,1272
22187,GREEN CHRISTMAS TREE CARD HOLDER,1266
84012,MAGIC SHEEP WOOL GROWING FROM PAPER,1265
17084N,FAIRY DREAMS INCENSE ,1264
72351A,SET/6 TURQUOISE BUTTERFLY T-LIGHTS,1264
22245,"HOOK, 1 HANGER ,MAGIC GARDEN",1262
22429,ENAMEL MEASURING JUG CREAM,1262
22076,6 RIBBONS EMPIRE  ,1259
21096,SET/6 FRUIT SALAD  PAPER PLATES,1259
23433,HANGING QUILTED PATCHWORK APPLES,1258
22707,WRAP MONSTER FUN ,1257
22973,CHILDREN'S CIRCUS PARADE MUG,1255
84596L,BISCUITS SMALL BOWL LIGHT BLUE,1254
21801,CHRISTMAS TREE DECORATION WITH BELL,1251
22604,SET OF 4 NAPKIN CHARMS CUTLERY,1251
23189,SET OF 12 FORK CANDLES,1249
22103,MIRROR MOSAIC T-LIGHT HOLDER ROUND,1248
23226,FILIGREE HEART DAISY WHITE,1247
35954,SMALL FOLKART STAR CHRISTMAS DEC,1245
22776,SWEETHEART CAKESTAND 3 TIER,1244
22809,SET OF 6 T-LIGHTS SANTA,1240
21201,TROPICAL  HONEYCOMB PAPER GARLAND ,1240
22675,FRENCH KITCHEN SIGN BLUE METAL,1240
22043,CHRISTMAS CARD SCREEN PRINT ,1238
23543,KEEP CALM WALL ART ,1236
20682,RED RETROSPOT CHILDRENS UMBRELLA,1235
20733,GOLD MINI TAPE MEASURE ,1234
20961,STRAWBERRY BATH SPONGE ,1232
22717,CARD DOG AND BALL ,1229
21955,DOORMAT UNION JACK GUNS AND ROSES,1228
22396,MAGNETS PACK OF 4 RETRO PHOTO,1226
23086,ZINC  STAR T-LIGHT HOLDER ,1225
22050,PINK PAISLEY ROSE GIFT WRAP,1225
22344,PARTY PIZZA DISH PINK POLKADOT,1225
21209,MULTICOLOUR HONEYCOMB FAN,1224
22736,RIBBON REEL MAKING SNOWMEN ,1222
16012,FOOD/DRINK SPONGE STICKERS,1220
23379,PACK OF 12 RED APPLE TISSUES,1220
85049C,ROMANTIC PINKS RIBBONS ,1215
72817,SET OF 2 CHRISTMAS DECOUPAGE CANDLE,1212
22795,SWEETHEART RECIPE BOOK STAND,1211
21428,SET3 BOOK BOX GREEN GINGHAM FLOWER ,1207
22080,RIBBON REEL POLKADOTS ,1206
22023,EMPIRE BIRTHDAY CARD,1206
22975,SPACEBOY CHILDRENS EGG CUP,1204
22859,EASTER TIN BUNNY BOUQUET,1203
23267,SET OF 4 SANTA PLACE SETTINGS,1202
23505,PLAYING CARDS I LOVE LONDON ,1200
22169,FAMILY ALBUM WHITE PICTURE FRAME,1197
85194S,HANGING SPRING FLOWER EGG SMALL,1197
84510A,SET OF 4 ENGLISH ROSE COASTERS,1196
22700,BLACK AND WHITE DOG BOWL,1196
21163,DO NOT TOUCH MY STUFF DOOR HANGER ,1196
22758,LARGE PURPLE BABUSHKA NOTEBOOK  ,1195
22129,PARTY CONES CANDY TREE DECORATION,1188
23360,SET 8 CANDLES VINTAGE DOILEY,1182
23274,STAR T-LIGHT HOLDER WILLIE WINKIE,1180
23250,VINTAGE RED TRIM ENAMEL BOWL ,1179
21259,VICTORIAN SEWING BOX SMALL ,1179
20985,HEART CALCULATOR,1179
21879,HEARTS GIFT TAPE,1176
23691,KEEP CALM BIRTHDAY WRAP,1175
23270,SET OF 2 CERAMIC PAINTED HEARTS ,1174
22837,HOT WATER BOTTLE BABUSHKA ,1173
48111,DOORMAT 3 SMILEY CATS,1172
22731,3D CHRISTMAS STAMPS STICKERS ,1172
22110,BIRD HOUSE HOT WATER BOTTLE,1172
22967,SET 3 SONG BIRD PAPER EGGS ASSORTED,1171
22821,GIFT BAG PSYCHEDELIC APPLES,1171
21773,DECORATIVE ROSE BATHROOM BOTTLE,1170
21012,ANTIQUE ALL GLASS CANDLESTICK,1169
22327,ROUND SNACK BOXES SET OF 4 SKULLS,1167
16054,POPART RECT PENCIL SHARPENER ASST,1166
21884,CAKES AND BOWS GIFT  TAPE,1166
22723,SET OF 6 HERB TINS SKETCHBOOK,1164
85014A,BLACK/BLUE POLKADOT UMBRELLA,1163
22550,HOLIDAY FUN LUDO,1162
84826,ASSTD DESIGN 3D PAPER STICKERS,1162
22306,SILVER MUG BONE CHINA TREE OF LIFE,1162
21260,FIRST AID TIN,1161
21903,MAN FLU METAL SIGN,1160
22676,FRENCH BLUE METAL DOOR SIGN 1,1155
22982,PANTRY PASTRY BRUSH,1154
21058,PARTY INVITES WOODLAND,1154
23113,PANTRY CHOPPING BOARD,1154
21641,ASSORTED TUTTI FRUTTI KEYRING BALL,1153
22399,MAGNETS PACK OF 4 CHILDHOOD MEMORY,1152
21890,S/6 WOODEN SKITTLES IN COTTON BAG,1147
22857,ASSORTED EASTER GIFT TAGS,1145
21382,SET/4 SPRING FLOWER DECORATION,1143
21123,SET/10 IVORY POLKADOT PARTY CANDLES,1143
22545,MINI JIGSAW BUNNIES,1142
21679,SKULLS  STICKERS,1140
22479,DAISY GARDEN MARKER,1139
85035C,ROSE 3 WICK MORRIS BOX CANDLE,1137
22292,HANGING CHICK  YELLOW DECORATION,1136
22311,OFFICE MUG WARMER BLACK+SILVER ,1132
85034C,3 ROSE MORRIS BOXED CANDLES,1129
22669,RED BABY BUNTING ,1128
20828,GLITTER BUTTERFLY CLIPS,1128
21159,MOODY BOY  DOOR HANGER ,1126
22858,EASTER TIN KEEPSAKE,1126
22286,"DECORATION , WOBBLY RABBIT , METAL ",1123
21200,MULTICOLOUR HONEYCOMB PAPER GARLAND,1119
22345,PARTY PIZZA DISH BLUE POLKADOT,1117
20970,PINK FLORAL FELTCRAFT SHOULDER BAG,1116
23389,SPACEBOY MINI BACKPACK,1115
21389,IVORY HANGING DECORATION  BIRD,1113
23126,DOLLCRAFT GIRL AMELIE KIT,1109
22930,BAKING MOULD HEART MILK CHOCOLATE,1108
21070,VINTAGE BILLBOARD MUG ,1106
79191C,RETRO PLASTIC ELEPHANT TRAY,1105
23369,SET 36 COLOUR PENCILS LOVE LONDON,1105
21110,LARGE CAKE TOWEL PINK SPOTS,1105
21881,CUTE CATS TAPE,1102
85230E,STRAWBRY SCENTED VOTIVE CANDLE,1101
84828,JUNGLE POPSICLES ICE LOLLY HOLDERS,1099
22757,LARGE RED BABUSHKA NOTEBOOK ,1096
21774,DECORATIVE CATS BATHROOM BOTTLE,1095
21192,WHITE BELL HONEYCOMB PAPER ,1092
22494,EMERGENCY FIRST AID TIN ,1088
21217,RED RETROSPOT ROUND CAKE TINS,1088
21215,IVORY PAPER CUP CAKE CASES ,1087
22371,AIRLINE BAG VINTAGE TOKYO 78,1086
85017B,ENVELOPE 50 BLOSSOM IMAGES,1077
21397,BLUE POLKADOT EGG CUP ,1075
23548,WRAP MAGIC FOREST ,1075
21245,GREEN POLKADOT PLATE ,1075
23080,RED METAL BOX TOP SECRET,1074
22532,MAGIC DRAWING SLATE LEAP FROG ,1072
23012,GLASS APOTHECARY BOTTLE PERFUME,1071
21391,FRENCH LAVENDER SCENT HEART,1069
22170,PICTURE FRAME WOOD TRIPLE PORTRAIT,1068
21207,SKULL AND CROSSBONES  GARLAND ,1067
20832,RED FLOCK LOVE HEART PHOTO FRAME,1067
22976,CIRCUS PARADE CHILDRENS EGG CUP ,1066
23134,LARGE ZINC HEART WALL ORGANISER,1065
23509,MINI PLAYING CARDS FUN FAIR ,1062
22582,PACK OF 6 SWEETIE GIFT BOXES,1061
85038,6 CHOCOLATE LOVE HEART T-LIGHTS,1061
21584,RETROSPOT SMALL TUBE MATCHES,1059
22222,CAKE PLATE LOVEBIRD WHITE,1057
23530,WALL ART ONLY ONE PERSON ,1056
23237,SET OF 4 KNICK KNACK TINS LEAVES ,1053
21401,BLUE PUDDING SPOON,1052
22049,WRAP CHRISTMAS SCREEN PRINT,1050
22441,GROW YOUR OWN BASIL IN ENAMEL MUG,1047
22230,JIGSAW TREE WITH WATERING CAN,1047
21564,PINK  HEART SHAPE LOVE BUCKET ,1042
85071A,BLUE CHARLIE+LOLA PERSONAL DOORSIGN,1041
22955,36 FOIL STAR CAKE CASES ,1040
22132,RED LOVE HEART SHAPE CUP,1038
22346,PARTY PIZZA DISH GREEN POLKADOT,1034
23096,PETIT TRAY CHIC,1033
22332,SKULLS PARTY BAG + STICKER SET,1032
85230G,ORANGE VOTIVE CANDLE,1032
72802B,OCEAN SCENT CANDLE IN JEWELLED BOX,1028
21198,WHITE HEART CONFETTI IN TUBE,1028
22801,ANTIQUE GLASS PEDESTAL BOWL,1027
22198,LARGE POPCORN HOLDER ,1025
22262,FELT EGG COSY CHICKEN,1023
46000M,POLYESTER FILLER PAD 45x45cm,1021
23132,SMALL IVORY HEART WALL ORGANISER,1020
22721,SET OF 3 CAKE TINS SKETCHBOOK,1020
22210,WOOD STAMP SET BEST WISHES,1017
23061,VINTAGE EMBOSSED HEART,1015
23255,CHILDRENS CUTLERY CIRCUS PARADE,1014
20801,LARGE PINK GLASS SUNDAE DISH,1013
23526,DOG LICENCE WALL ART,1012
23299,FOOD COVER WITH BEADS SET 2 ,1012
23404,HOME SWEET HOME BLACKBOARD,1011
22360,GLASS JAR ENGLISH CONFECTIONERY,1010
22753,SMALL YELLOW BABUSHKA NOTEBOOK ,1010
22438,BALLOON ART MAKE YOUR OWN FLOWERS,1009
90057,DIAMANTE RING ASSORTED IN BOX.,1008
22211,WOOD STAMP SET FLOWERS,1008
22844,VINTAGE CREAM DOG FOOD CONTAINER,1003
84032A,CHARLIE+LOLA PINK HOT WATER BOTTLE,1003
22677,FRENCH BLUE METAL DOOR SIGN 2,1001
22228,BUNNY WOODEN PAINTED WITH BIRD ,1000
22231,JIGSAW TREE WITH BIRDHOUSE,998
22342,HOME GARLAND PAINTED ZINC ,997
85183B,CHARLIE & LOLA WASTEPAPER BIN FLORA,996
85131A,BEADED PEARL HEART WHITE ON STICK,996
23283,DOORMAT VINTAGE LEAVES DESIGN ,994
47421,ASSORTED COLOUR LIZARD SUCTION HOOK,994
22686,FRENCH BLUE METAL DOOR SIGN No,993
23220,REINDEER HEART DECORATION GOLD,993
21071,VINTAGE BILLBOARD DRINK ME MUG,991
21383,PACK OF 12 STICKY BUNNIES,991
22598,CHRISTMAS MUSICAL ZINC TREE,990
23359,SET OF 12 T-LIGHTS VINTAGE DOILEY,990
21896,POTTING SHED TWINE,980
23034,DRAWER KNOB CERAMIC BLACK,979
35648,VINTAGE BEAD PINK PURSE ,979
47504H,ENGLISH ROSE SPIRIT LEVEL ,978
85199L,LARGE HANGING IVORY & RED WOOD BIRD,977
21556,CERAMIC STRAWBERRY MONEY BOX,977
21634,ASSORTED MINI MADRAS NOTEBOOK,976
23531,WALL ART BIG LOVE ,976
22051,BLUE SCANDINAVIAN PAISLEY WRAP,975
22048,BIRTHDAY BANQUET GIFT WRAP,975
21340,CLASSIC METAL BIRDCAGE PLANT HOLDER,975
21654,RIDGED GLASS FINGER BOWL,974
85206A,CREAM FELT EASTER EGG BASKET,974
21619,4 VANILLA BOTANICAL CANDLES,974
22937,BAKING MOULD CHOCOLATE CUPCAKES,972
20751,FUNKY WASHING UP GLOVES ASSORTED,971
21539,RED RETROSPOT BUTTER DISH,969
21447,12 IVORY ROSE PEG PLACE SETTINGS,969
23273,HEART T-LIGHT HOLDER WILLIE WINKIE,969
84926E,FLOWERS TILE COASTER,968
21199,PINK  HEART CONFETTI IN TUBE,966
22179,SET 10 LIGHTS NIGHT OWL,966
22628,PICNIC BOXES SET OF 3 RETROSPOT ,965
23056,FLOWERS CHANDELIER T-LIGHT HOLDER,963
22671,FRENCH LAUNDRY SIGN BLUE METAL,962
23130,MISTLETOE HEART WREATH GREEN,962
22949,36 DOILIES DOLLY GIRL,956
23569,TRADTIONAL ALPHABET STAMP SET,954
22747,POPPY'S PLAYHOUSE BATHROOM,954
22192,BLUE DINER WALL CLOCK,954
21832,CHOCOLATE CALCULATOR,954
84817,DANISH ROSE DECORATIVE PLATE,951
23129,HEART SHAPED HOLLY WREATH,950
22977,DOLLY GIRL CHILDRENS EGG CUP,950
22070,SMALL RED RETROSPOT MUG IN BOX ,948
85194L,HANGING SPRING FLOWER EGG LARGE,947
22209,WOOD STAMP SET HAPPY BIRTHDAY,945
85034B,3 WHITE CHOC MORRIS BOXED CANDLES,945
22810,SET OF 6 T-LIGHTS SNOWMEN,944
21291,SMALL POLKADOT CHOCOLATE GIFT BAG ,943
23131,MISTLETOE HEART WREATH CREAM,942
85116,BLACK CANDELABRA T-LIGHT HOLDER,941
21329,DINOSAURS  WRITING SET ,941
22933,BAKING MOULD EASTER EGG MILK CHOC,940
21208,PASTEL COLOUR HONEYCOMB FAN,940
22820,GIFT BAG BIRTHDAY,940
23093,SMALL PARISIENNE HEART PHOTO FRAME ,939
20803,SMALL PINK GLASS SUNDAE DISH,939
22623,BOX OF VINTAGE JIGSAW BLOCKS ,937
84032B,CHARLIE + LOLA RED HOT WATER BOTTLE,936
21109,"LARGE CAKE TOWEL, CHOCOLATE SPOTS",936
23244,ROUND STORAGE TIN VINTAGE LEAF,936
23123,COCKTAIL SWORDS 50 PIECES,935
21745,GAOLERS KEYS DECORATIVE GARDEN ,935
84821,DANISH ROSE DELUXE COASTER,935
22565,FELTCRAFT HAIRBANDS PINK AND WHITE ,933
22269,EGG CUP NATURAL CHICKEN,932
22743,MAKE YOUR OWN FLOWERPOWER CARD KIT,930
22522,CHILDS GARDEN FORK BLUE ,930
22249,DECORATION WHITE CHICK MAGIC GARDEN,928
22284,HEN HOUSE DECORATION,927
35095A,BLUE VICTORIAN FABRIC OVAL BOX,925
21789,KIDS RAIN MAC PINK,925
23013,GLASS APOTHECARY BOTTLE TONIC,924
84006,MAGIC TREE -PAPER FLOWERS,918
85176,SEWING SUSAN 21 NEEDLE SET,918
22587,FELTCRAFT HAIRBAND RED AND BLUE,918
22315,200 RED + WHITE BENDY STRAWS,916
21224,SET/4 SKULL BADGES,914
21041,RED RETROSPOT OVEN GLOVE DOUBLE,914
23489,"GARLAND, VINTAGE BELLS",913
21636,MADRAS NOTEBOOK MEDIUM,913
22840,ROUND CAKE TIN VINTAGE RED,913
22337,ANGEL DECORATION PAINTED ZINC ,912
22258,FELT FARM ANIMAL RABBIT,912
22412,METAL SIGN NEIGHBOURHOOD WITCH ,911
21817,GLITTER CHRISTMAS TREE,906
22847,BREAD BIN DINER STYLE IVORY,905
48129,DOORMAT TOPIARY,904
22293,HANGING CHICK GREEN DECORATION,903
21107,CREAM SLICE FLANNEL PINK SPOT ,901
21111,"SWISS ROLL TOWEL, CHOCOLATE  SPOTS",900
21922,UNION STRIPE WITH FRINGE  HAMMOCK,898
84509A,SET OF 4 ENGLISH ROSE PLACEMATS,896
85203,HANGING WOOD AND FELT BUTTERFLY ,895
22321,BIRD DECORATION RED RETROSPOT,893
72816,SET/3 CHRISTMAS DECOUPAGE CANDLES,892
21615,4 LAVENDER BOTANICAL DINNER CANDLES,891
22134,LADLE LOVE HEART RED ,889
85040A,S/4 PINK FLOWER CANDLES IN BOWL,888
22932,BAKING MOULD TOFFEE CUP CHOCOLATE,884
21211,SET OF 72 SKULL PAPER  DOILIES,883
21400,RED PUDDING SPOON,881
23566,EGG CUP MILKMAID HEIDI,881
22811,SET OF 6 T-LIGHTS CACTI ,881
21620,SET OF 4 ROSE BOTANICAL CANDLES,881
22476,EMPIRE UNION JACK TV DINNER TRAY,880
23138,SINGLE WIRE HOOK IVORY HEART,879
21658,GLASS  BEURRE DISH,878
22175,PINK OWL SOFT TOY,877
22163,HEART STRING MEMO HOLDER HANGING,875
23184,BULL DOG BOTTLE OPENER,874
22424,ENAMEL BREAD BIN CREAM,873
22566,FELTCRAFT HAIRBAND PINK AND PURPLE,873
23541,WALL ART CLASSIC PUDDINGS ,872
22285,"DECORATION HEN ON NEST, HANGING",870
22800,ANTIQUE TALL SWIRLGLASS TRINKET POT,870
85231B,CINAMMON SET OF 9 T-LIGHTS,868
23087,ZINC  HEART T-LIGHT HOLDER,868
22416,SET OF 36 DOILIES SPACEBOY DESIGN ,868
21680,WOODLAND  STICKERS,868
22768,FAMILY PHOTO FRAME CORNICE,867
21292,SMALL STRIPES CHOCOLATE GIFT BAG ,867
22744,MAKE YOUR OWN MONSOON CARD KIT,867
21327,SKULLS WRITING SET ,864
22523,CHILDS GARDEN FORK PINK,864
35095B,RED VICTORIAN FABRIC OVAL BOX,862
10002,INFLATABLE POLITICAL GLOBE ,860
23347,I LOVE LONDON BEAKER,860
22586,FELTCRAFT HAIRBAND PINK AND BLUE,856
23014,GLASS APOTHECARY BOTTLE ELIXIR,856
22627,MINT KITCHEN SCALES,852
22650,CERAMIC PIRATE CHEST MONEY BANK,851
22529,MAGIC DRAWING SLATE GO TO THE FAIR ,851
85131D,BEADED CRYSTAL HEART PINK ON STICK,850
22072,RED RETROSPOT TEA CUP AND SAUCER ,848
22186,RED STAR CARD HOLDER,848
85049H,URBAN BLACK RIBBONS ,848
23461,SWEETHEART BIRD HOUSE,847
22789,T-LIGHT HOLDER SWEETHEART HANGING,844
22678,FRENCH BLUE METAL DOOR SIGN 3,843
84660A,WHITE STITCHED WALL CLOCK,843
23239,SET OF 4 KNICK KNACK TINS POPPIES,842
22680,FRENCH BLUE METAL DOOR SIGN 5,842
23249,VINTAGE RED ENAMEL TRIM PLATE,842
70007,HI TEC ALPINE HAND WARMER,841
16033,MINI HIGHLIGHTER PENS,840
85230A,OPIUM SCENTED VOTIVE CANDLE,840
22217,T-LIGHT HOLDER HANGING LACE,839
22444,GROW YOUR OWN PLANT IN A CAN ,838
22267,EASTER DECORATION EGG BUNNY ,836
21677,HEARTS  STICKERS,835
85130B,BEADED CRYSTAL HEART GREEN LARGE,834
22224,WHITE LOVEBIRD LANTERN,834
84792,ENCHANTED BIRD COATHANGER 5 HOOK,833
22279,POCKET BAG BLUE PAISLEY RED SPOT,831
85213,MINI  ZINC GARDEN DECORATIONS ,829
21864,UNION JACK FLAG PASSPORT COVER ,828
47518F,ICON PLACEMAT POP ART ELVIS,827
22481,BLACK TEA TOWEL CLASSIC DESIGN,825
23435,3 RAFFIA RIBBONS VINTAGE CHRISTMAS,824
79051A,SMOKEY GREY COLOUR D.O.F. GLASS,823
21616,4 PEAR BOTANICAL DINNER CANDLES,822
20956,PORCELAIN T-LIGHT HOLDERS ASSORTED,822
40001,WHITE BAMBOO RIBS LAMPSHADE,821
23388,WOODLAND MINI BACKPACK,821
22322,BIRD DECORATION GREEN POLKADOT,820
35924,HANGING FAIRY CAKE DECORATION,820
37447,CERAMIC CAKE DESIGN SPOTTED PLATE,820
22250,DECORATION  BUTTERFLY  MAGIC GARDEN,819
22807,SET OF 6 T-LIGHTS TOADSTOOLS,818
21452,TOADSTOOL MONEY BOX,817
22044,CHRISTMAS CARD STACK OF PRESENTS,816
22133,PINK LOVE HEART SHAPE CUP,816
16225,RATTLE SNAKE EGGS,813
23118,PARISIENNE JEWELLERY DRAWER ,813
22931,BAKING MOULD HEART WHITE CHOCOLATE,813
23282,FOLDING BUTTERFLY MIRROR IVORY ,812
85177,BASKET OF FLOWERS SEWING KIT,812
85169A,IVORY LOVE BIRD CANDLE,812
84819,DANISH ROSE ROUND SEWING BOX,811
21947,SET OF 6 HEART CHOPSTICKS,811
23068,ALUMINIUM STAMPED HEART,809
23494,VINTAGE DOILY DELUXE SEWING KIT ,809
21756,BATH BUILDING BLOCK WORD,809
22547,MINI JIGSAW DINOSAUR ,809
22778,GLASS CLOCHE SMALL,808
85039B,S/4 IVORY MINI ROSE CANDLE IN BOWL,806
22639,SET OF 4 NAPKIN CHARMS HEARTS,805
22845,VINTAGE CREAM CAT FOOD CONTAINER,802
23223,CHRISTMAS TREE HANGING SILVER ,801
21949,SET OF 6 STRAWBERRY CHOPSTICKS,801
23393,HOME SWEET HOME CUSHION COVER ,801
22366,DOORMAT AIRMAIL ,800
21354,TOAST ITS - BEST MUM,799
23222,CHRISTMAS TREE HANGING GOLD,799
23146,TRIPLE HOOK ANTIQUE IVORY ROSE,798
23088,ZINC HEART FLOWER T-LIGHT HOLDER,795
22649,STRAWBERRY FAIRY CAKE TEAPOT,795
22968,ROSE COTTAGE KEEPSAKE BOX ,794
22287,"DECORATION , WOBBLY CHICKEN, METAL ",794
21626,VINTAGE UNION JACK PENNANT,794
22434,BALLOON PUMP WITH 10 BALLOONS,793
22673,FRENCH GARDEN SIGN BLUE METAL,791
21355,TOAST ITS - I LOVE YOU ,789
85032A,ROMANTIC IMAGES GIFT WRAP SET,789
22365,DOORMAT RESPECTABLE HOUSE,789
23214,JINGLE BELL HEART ANTIQUE GOLD,789
21713,CITRONELLA CANDLE FLOWERPOT,786
85032B,BLOSSOM IMAGES GIFT WRAP SET,786
21411,GINGHAM HEART  DOORSTOP RED,785
22487,WHITE WOOD GARDEN PLANT LADDER,784
79066K,RETRO MOD TRAY,783
35964,FOLKART CLIP ON STARS,783
23133,LARGE IVORY HEART WALL ORGANISER,782
22605,WOODEN CROQUET GARDEN SET,782
23269,SET OF 2 CERAMIC CHRISTMAS TREES,779
21530,DAIRY MAID TOASTRACK,777
15056P,EDWARDIAN PARASOL PINK,776
22767,TRIPLE PHOTO FRAME CORNICE ,774
23057,GEMSTONE CHANDELIER T-LIGHT HOLDER,773
21684,SMALL MEDINA STAMPED METAL BOWL ,771
22483,RED GINGHAM TEDDY BEAR ,770
22307,GOLD MUG BONE CHINA TREE OF LIFE,770
22854,CREAM SWEETHEART EGG HOLDER,767
22634,CHILDS BREAKFAST SET SPACEBOY ,763
21609,SET 12 LAVENDER  BOTANICAL T-LIGHTS,763
22304,COFFEE MUG BLUE PAISLEY DESIGN,761
21905,MORE BUTTER METAL SIGN ,760
22100,SKULLS SQUARE TISSUE BOX,755
22354,RETROSPOT PADDED SEAT CUSHION,750
23395,BELLE JARDINIERE CUSHION COVER,748
21866,UNION JACK FLAG LUGGAGE TAG,747
23390,DOLLY GIRL MINI BACKPACK,747
22947,WOODEN ADVENT CALENDAR RED,746
23348,CHILDRENS TOY COOKING UTENSIL SET,746
47480,HANGING PHOTO CLIP ROPE LADDER,746
21578,WOODLAND DESIGN  COTTON TOTE BAG,746
21586,KINGS CHOICE GIANT TUBE MATCHES,743
85036C,ROSE 1 WICK MORRIS BOXED CANDLE,742
22426,ENAMEL WASH BOWL CREAM,742
22735,RIBBON REEL SOCKS AND MITTENS,741
23695,DOILY THANK YOU CARD,741
22695,WICKER WREATH SMALL,741
22679,FRENCH BLUE METAL DOOR SIGN 4,740
20802,SMALL GLASS SUNDAE DISH CLEAR,739
23224,CHERUB HEART DECORATION GOLD,738
23127,DOLLCRAFT GIRL NICOLE,736
23235,STORAGE TIN VINTAGE LEAF,736
22647,CERAMIC LOVE HEART MONEY BANK,732
21648,ASSORTED TUTTI FRUTTI SMALL PURSE,729
22696,WICKER WREATH LARGE,729
22071,SMALL WHITE RETROSPOT MUG IN BOX ,729
72349B,SET/6 PURPLE BUTTERFLY T-LIGHTS,729
22361,GLASS JAR DAISY FRESH COTTON WOOL,727
21503,TOYBOX  WRAP ,726
22040,BOTANICAL ROSE GIFT WRAP,725
21249,WOODLAND  HEIGHT CHART STICKERS ,724
22452,MEASURING TAPE BABUSHKA PINK,722
72807C,SET/3 VANILLA SCENTED CANDLE IN BOX,721
84459B,YELLOW METAL CHICKEN HEART ,721
21577,SAVE THE PLANET COTTON TOTE BAG,720
22520,CHILDS GARDEN TROWEL BLUE ,719
22863,SOAP DISH BROCANTE,719
20966,SANDWICH BATH SPONGE,719
20846,ZINC HEART LATTICE T-LIGHT HOLDER,716
84459A,PINK METAL CHICKEN HEART ,716
23033,DRAWER KNOB CERAMIC RED,714
37450,CERAMIC CAKE BOWL + HANGING CAKES,714
23502,PLAYING CARDS VINTAGE DOILEY ,714
22664,TOY TIDY DOLLY GIRL DESIGN,713
22251,BIRDHOUSE DECORATION MAGIC GARDEN,712
82567,"AIRLINE LOUNGE,METAL SIGN",711
22681,FRENCH BLUE METAL DOOR SIGN 6,710
84944,SET OF 6 KASHMIR FOLKART BAUBLES,710
84926D,LA PALMIERA TILE COASTER,709
21386,IVORY HANGING DECORATION  EGG,709
85093,CANDY SPOT EGG WARMER HARE,708
79190B,RETRO PLASTIC POLKA TRAY,707
22334,DINOSAUR PARTY BAG + STICKER SET,707
84660B,BLACK STITCHED WALL CLOCK,707
22831,WHITE BROCANTE SOAP DISH,706
DOT,DOTCOM POSTAGE,706
22688,DOORMAT PEACE ON EARTH BLUE,705
21882,SKULLS TAPE,704
85039A,SET/4 RED MINI ROSE CANDLE IN BOWL,704
37413,ICON MUG REVOLUTIONARY,703
21066,VINTAGE RED MUG,702
23110,PARISIENNE KEY CABINET ,700
16161G,WRAP BAD HAIR DAY,700
22358,KINGS CHOICE TEA CADDY ,698
21822,GLITTER CHRISTMAS TREE WITH BELLS,698
82613D,METAL SIGN CUPCAKE SINGLE HOOK,696
18097C,WHITE TALL PORCELAIN T-LIGHT HOLDER,695
21116,OWL DOORSTOP,695
21318,GLASS CHALICE BLUE SMALL ,694
22305,COFFEE MUG PINK PAISLEY DESIGN,693
21195,PINK  HONEYCOMB PAPER BALL ,693
44234,ASSORTED CIRCULAR MOBILE,693
72586,SET OF 6 HALLOWEEN GHOST T-LIGHTS,691
22935,BAKING MOULD ROSE MILK CHOCOLATE,690
22232,JIGSAW TOADSTOOLS 3 PIECE,690
22838,3 TIER CAKE TIN RED AND CREAM,689
21257,VICTORIAN SEWING BOX MEDIUM,688
35957,SMALLFOLKART BAUBLE CHRISTMAS DEC,688
85032D,YULETIDE IMAGES GIFT WRAP SET,687
22588,CARD HOLDER GINGHAM HEART,684
35598D,PINK/WHITE CHRISTMAS TREE 60CM,684
85071C,"CHARLIE+LOLA""EXTREMELY BUSY"" SIGN",683
85032C,CURIOUS IMAGES GIFT WRAP SET,683
22635,CHILDS BREAKFAST SET DOLLY GIRL ,681
23473,WOODLAND SMALL RED FELT HEART,678
22682,FRENCH BLUE METAL DOOR SIGN 7,677
22190,LOCAL CAFE MUG,676
22689,DOORMAT MERRY CHRISTMAS RED ,673
85202,HANGING WOOD AND FELT HEART,672
22092,BLUE PAISLEY TISSUE BOX,670
22247,BUNNY DECORATION MAGIC GARDEN,668
22310,IVORY KNITTED MUG COSY ,668
85183A,CHARLIE & LOLA WASTEPAPER BIN BLUE,667
22846,BREAD BIN DINER STYLE RED ,665
16015,MEDIUM CHINESE STYLE SCISSOR,662
23392,SPACEBOY ROCKET LOLLY MAKERS,662
84660C,PINK STITCHED WALL CLOCK,661
22316,200 BENDY SKULL STRAWS,660
16169M,WRAP DAISY CARPET ,660
22592,CARDHOLDER HOLLY WREATH METAL,658
23055,IVORY CHANDELIER T-LIGHT HOLDER,657
21125,SET 6 FOOTBALL CELEBRATION CANDLES,657
22254,FELT TOADSTOOL LARGE,657
23052,RECYCLED ACAPULCO MAT TURQUOISE,654
20986,BLUE CALCULATOR RULER,654
23396,BUTTERFLY CUSHION COVER,654
21640,ASSORTED TUTTI FRUTTI  FOB NOTEBOOK,650
22052,VINTAGE CARAVAN GIFT WRAP,650
85106,CUT GLASS HEXAGON T-LIGHT HOLDER,649
21463,MIRRORED DISCO BALL ,649
85114A,BLACK ENCHANTED FOREST PLACEMAT,649
23559,WOODLAND BUNNIES LOLLY MAKERS,649
22312,OFFICE MUG WARMER POLKADOT,645
84341B,SMALL PINK MAGIC CHRISTMAS TREE,645
22081,RIBBON REEL FLORA + FAUNA ,644
22683,FRENCH BLUE METAL DOOR SIGN 8,644
15044D,RED PAPER PARASOL,644
23564,EGG CUP MILKMAID INGRID,644
79337,BLUE FLOCK GLASS CANDLEHOLDER,644
22252,BIRDCAGE DECORATION TEALIGHT HOLDER,643
21356,TOAST ITS - FAIRY FLOWER,642
22524,CHILDRENS GARDEN GLOVES BLUE,642
85094,CANDY SPOT EGG WARMER RABBIT,640
22242,5 HOOK HANGER MAGIC TOADSTOOL,640
21948,SET OF 6 CAKE CHOPSTICKS,640
22742,MAKE YOUR OWN PLAYTIME CARD KIT,639
21471,STRAWBERRY RAFFIA FOOD COVER,639
23529,DOLLY GIRL WALL ART,637
22575,METAL MERRY CHRISTMAS WREATH,636
21991,BOHEMIAN COLLAGE STATIONERY SET,635
22990,COTTON APRON PANTRY DESIGN,633
35810A,ENAMEL PINK COFFEE CONTAINER,633
22480,RED TEA TOWEL CLASSIC DESIGN,630
23568,EGG CUP HENRIETTA HEN CREAM ,630
22255,FELT TOADSTOOL  SMALL,629
21675,BUTTERFLIES STICKERS,628
23536,VILLAGE SHOW WALL ART,626
23403,LETTER HOLDER HOME SWEET HOME,625
72225C,LAVENDER SCENT CAKE CANDLE,624
21927,BLUE/CREAM STRIPE CUSHION COVER ,623
85131B,BEADED CRYSTAL HEART GREEN ON STICK,623
20735,BLACK MINI TAPE MEASURE ,623
85159B,"WHITE TEA,COFFEE,SUGAR JARS",622
22781,GUMBALL MAGAZINE RACK,621
22719,GUMBALL MONOCHROME COAT RACK,620
85035B,CHOCOLATE 3 WICK MORRIS BOX CANDLE,619
35646,VINTAGE BEAD PINK EVENING BAG,619
22430,ENAMEL WATERING CAN CREAM,617
47422,ASSORTED MONKEY SUCTION CUP HOOK,617
22364,GLASS JAR DIGESTIVE BISCUITS,616
85174,S/4 CACTI CANDLES,613
90058B,CRYSTAL STUD EARRINGS ASSORTED COL ,612
21455,PAINTED YELLOW WOODEN DAISY,612
21059,PARTY INVITES DINOSAURS,611
22521,CHILDS GARDEN TROWEL PINK,609
22942,CHRISTMAS LIGHTS 10 SANTAS ,608
72598,SET/12 TAPER CANDLES,607
23398,HANGING HEART BONHEUR,606
84926A,WAKE UP COCKEREL TILE COASTER,604
23252,VINTAGE RED ENAMEL TRIM JUG ,603
47567B,TEA TIME KITCHEN APRON,602
84763,ZINC FINISH 15CM PLANTER POTS,601
22756,LARGE YELLOW BABUSHKA NOTEBOOK ,599
20866,BLUE ROSE FABRIC MIRROR,597
22233,JIGSAW RABBIT AND BIRDHOUSE,596
22636,CHILDS BREAKFAST SET CIRCUS PARADE,595
85231G,ORANGE SCENTED SET/9 T-LIGHTS,594
22685,FRENCH BLUE METAL DOOR SIGN 0,594
22926,IVORY GIANT GARDEN THERMOMETER,594
23358,HOT STUFF HOT WATER BOTTLE,594
22248,DECORATION  PINK CHICK MAGIC GARDEN,593
21126,SET OF 6 GIRLS CELEBRATION CANDLES,592
21894,POTTING SHED SEED ENVELOPES,592
22107,PIZZA PLATE IN BOX,592
22181,SNOWSTORM PHOTO FRAME FRIDGE MAGNET,591
22687,DOORMAT CHRISTMAS VILLAGE,590
22860,EASTER TIN CHICKS PINK DAISY,589
22934,BAKING MOULD EASTER EGG WHITE CHOC,589
22842,BISCUIT TIN VINTAGE RED,589
22216,T-LIGHT HOLDER WHITE LACE,588
17129F,BLUE GLASS GEMS IN BAG,588
85054,FRENCH ENAMEL POT W LID,587
22057,CERAMIC PLATE STRAWBERRY DESIGN,584
82613B,"METAL SIGN,CUPCAKE SINGLE HOOK",583
22062,CERAMIC BOWL WITH LOVE HEART DESIGN,583
22063,CERAMIC BOWL WITH STRAWBERRY DESIGN,583
22061,LARGE CAKE STAND  HANGING STRAWBERY,582
47021G,SET/6 BEAD COASTERS GAUZE BAG GOLD,582
23525,BUFFALO BILL WALL ART ,582
22796,PHOTO FRAME 3 CLASSIC HANGING,582
22905,CALENDAR IN SEASON DESIGN,581
79030D,"TUMBLER, BAROQUE",581
21906,PHARMACIE FIRST AID TIN,581
23091,ZINC HERB GARDEN CONTAINER,580
22261,FELT EGG COSY WHITE RABBIT ,579
23515,EMBROIDERED RIBBON REEL DAISY ,579
23164,REGENCY CAKE SLICE,578
35004B,SET OF 3 BLACK FLYING DUCKS,577
23048,SET OF 10 LANTERNS FAIRY LIGHT STAR,577
20839,FRENCH PAISLEY CUSHION COVER ,575
22116,METAL SIGN HIS DINNER IS SERVED,575
22105,MIRROR MOSAIC GOBLET CANDLE HOLDER,574
22583,PACK OF 6 HANDBAG GIFT BOXES,573
21454,PAINTED PINK RABBIT ,572
23511,EMBROIDERED RIBBON REEL EMILY ,571
22314,OFFICE MUG WARMER CHOC+BLUE,570
22856,ASSORTED EASTER DECORATIONS  BELLS,569
84596J,MIXED NUTS LIGHT GREEN BOWL,568
23553,LANDMARK FRAME CAMDEN TOWN ,568
22229,BUNNY WOODEN PAINTED WITH FLOWER ,568
23124,18PC WOODEN CUTLERY SET DISPOSABLE,567
85186A,EASTER BUNNY GARLAND OF FLOWERS,567
22135,LADLE LOVE HEART PINK,567
21289,LARGE STRIPES CHOCOLATE GIFT BAG,567
84422,PINK/BLUE DISC/MIRROR STRING,566
23513,EMBROIDERED RIBBON REEL SUSIE ,566
22313,OFFICE MUG WARMER PINK,565
85130D,BEADED CRYSTAL HEART PINK LARGE,565
84596E,SMALL LICORICE DES PINK BOWL,564
37449,CERAMIC CAKE STAND + HANGING CAKES,563
85016,SET OF 6 VINTAGE NOTELETS KIT,563
21191,LARGE WHITE HONEYCOMB PAPER BELL  ,562
21115,ROSE CARAVAN DOORSTOP,562
21065,BOOM BOX SPEAKER GIRLS,562
35598B,BLACK CHRISTMAS TREE 60CM,558
84754,S/15 SILVER GLASS BAUBLES IN BAG,558
84969,BOX OF 6 ASSORTED COLOUR TEASPOONS,558
23418,LAVENDER TOILETTE BOTTLE,557
23026,DRAWER KNOB VINTAGE GLASS STAR,556
84520B,PACK 20 ENGLISH ROSE PAPER NAPKINS,554
23152,IVORY SWEETHEART WIRE LETTER RACK ,554
22260,FELT EGG COSY BLUE RABBIT ,552
21557,SET OF 6 FUNKY BEAKERS,551
21643,ASSORTED TUTTI FRUTTI MIRROR,550
22701,PINK DOG BOWL,549
21813,GARLAND WITH STARS AND BELLS,549
47574A,ENGLISH ROSE SCENTED HANGING FLOWER,548
21272,SALLE DE BAIN HOOK,548
22085,PAPER CHAIN KIT SKULLS ,548
85049D,BRIGHT BLUES RIBBONS ,547
22374,AIRLINE BAG VINTAGE JET SET RED,546
23112,PARISIENNE CURIO CABINET,546
85132A,CHARLIE + LOLA BISCUITS TINS,545
23003,TRAVEL CARD WALLET VINTAGE ROSE ,542
23490,T-LIGHT HOLDER HANGING LOVE BIRD,542
72800E,4 IVORY DINNER CANDLES SILVER FLOCK,538
44235,ASS COL CIRCLE MOBILE ,538
21062,PARTY INVITES SPACEMAN,538
82613C,"METAL SIGN,CUPCAKE SINGLE HOOK",537
22265,EASTER DECORATION NATURAL CHICK,536
17013D,ORIGAMI ROSE INCENSE IN TUBE,535
22445,PENCIL CASE LIFE IS BEAUTIFUL,534
20840,FRENCH FLORAL CUSHION COVER ,533
21258,VICTORIAN SEWING BOX LARGE,532
22684,FRENCH BLUE METAL DOOR SIGN 9,531
21744,SNOWFLAKE PORTABLE TABLE LIGHT ,529
22841,ROUND CAKE TIN VINTAGE GREEN,529
85132B,CHARLIE AND LOLA TABLE TINS,529
72803A,ROSE SCENT CANDLE JEWELLED DRAWER,529
85186C,BUNNY EGG GARLAND,528
21063,PARTY INVITES JAZZ HEARTS,528
22485,SET OF 2 WOODEN MARKET CRATES,526
22068,BLACK PIRATE TREASURE CHEST,526
17012B,ORIGAMI JASMINE INCENSE/CANDLE SET,525
21617,4 LILY  BOTANICAL DINNER CANDLES,525
23216,LAUREL HEART ANTIQUE GOLD,525
22458,CAST IRON HOOK GARDEN FORK,523
23092,LARGE ANTIQUE WHITE PHOTO FRAME,523
22120,WELCOME  WOODEN BLOCK LETTERS,523
21039,RED RETROSPOT SHOPPING BAG,523
21794,CLASSIC FRENCH STYLE BASKET NATURAL,522
51008,AFGHAN SLIPPER SOCK PAIR,519
23452,HEART MINI PORTRAIT FRAME,518
84509G,SET OF 4 FAIRY CAKE PLACEMATS ,517
22626,BLACK KITCHEN SCALES,517
22468,BABUSHKA LIGHTS STRING OF 10,517
21730,GLASS STAR FROSTED T-LIGHT HOLDER,517
85114C,RED ENCHANTED FOREST PLACEMAT,516
21775,DECORATIVE FLORE BATHROOM BOTTLE,515
84976,RECTANGULAR SHAPED MIRROR,512
84519A,TOMATO CHARLIE+LOLA COASTER SET,512
85019B,BLOSSOM  IMAGES NOTEBOOK SET,512
22176,BLUE OWL SOFT TOY,512
21373,MIRRORED WALL ART SNOWFLAKES,512
22393,PAPERWEIGHT VINTAGE COLLAGE,510
84827,ASS DES PHONE SPONGE CRAFT STICKER,509
82599,FANNY'S REST STOPMETAL SIGN,508
22123,PING MICROWAVE APRON,508
23542,70'S ALPHABET WALL ART,506
22559,SEASIDE FLYING DISC,505
21520,BOOZE & WOMEN GREETING CARD ,504
84313C,ORANGE TV TRAY TABLE ,504
16049,TEATIME GEL PENS ASST,504
22031,BOTANICAL LAVENDER BIRTHDAY CARD,504
22541,MINI JIGSAW LEAP FROG,503
85180A,RED HEARTS LIGHT CHAIN ,503
22473,TV DINNER TRAY VINTAGE PAISLEY,503
22953,BIRTHDAY PARTY CORDON BARRIER TAPE,502
23512,EMBROIDERED RIBBON REEL ROSIE,500
21204,DAISIES  HONEYCOMB GARLAND ,499
21194,PINK  HONEYCOMB PAPER FAN,498
85034A,3 GARDENIA MORRIS BOXED CANDLES,498
23007, SPACEBOY BABY GIFT SET,498
23050,RECYCLED ACAPULCO MAT GREEN,497
21306,SET/4 DAISY MIRROR MAGNETS,494
84849D,HOT BATHS SOAP HOLDER,494
37482P,CUBIC MUG PINK POLKADOT,494
21898,POTTING SHED ROSE CANDLE,493
21043,APRON MODERN VINTAGE COTTON,492
22449,SILK PURSE BABUSHKA PINK,491
75131,METAL TUBE CHIME ON BAMBOO,490
23058,CHRISTMAS HANGING SNOWFLAKE,490
23397,FOOT STOOL HOME SWEET HOME ,489
22525,CHILDRENS GARDEN GLOVES PINK,489
21061,PARTY INVITES FOOTBALL,488
35967,FOLK ART METAL STAR T-LIGHT HOLDER,485
21747,SMALL SKULL WINDMILL,485
20886,BOX OF 9 PEBBLE CANDLES,485
23081,GREEN METAL BOX ARMY SUPPLIES,483
85130C,BEADED CRYSTAL HEART BLUE  LARGE,482
23524,HORSE & PONY WALL ART,481
22259,FELT FARM ANIMAL HEN,481
22363,GLASS JAR MARMALADE ,480
23528,SPACEBOY WALL ART,479
85173,SET/6 FROG PRINCE T-LIGHT CANDLES,479
16052,TEATIME PUSH DOWN RUBBER,479
22482,BLUE TEA TOWEL CLASSIC DESIGN,478
23514,EMBROIDERED RIBBON REEL SALLY ,478
84625A,PINK NEW BAROQUECANDLESTICK CANDLE,478
21527,RED RETROSPOT TRADITIONAL TEAPOT ,477
85114B,IVORY ENCHANTED FOREST PLACEMAT,477
22038,BOTANICAL LAVENDER GIFT WRAP ,475
16156L,"WRAP, CAROUSEL",475
84951A,SET OF 4 PISTACHIO LOVEBIRD COASTER,475
22288,HANGING METAL RABBIT DECORATION,474
21202,DOLLY HONEYCOMB GARLAND,474
23419,HOME SWEET HOME BOTTLE ,473
16258A,SWIRLY CIRCULAR RUBBERS IN BAG,472
22853,CAT BOWL VINTAGE CREAM,472
23075,DOUBLE CERAMIC PARLOUR HOOK,472
22981,PANTRY APPLE CORER,471
84519B,CARROT CHARLIE+LOLA COASTER SET,471
22939,APRON APPLE DELIGHT,469
47469,ASSORTED SHAPES PHOTO CLIP SILVER ,469
22280,POCKET BAG PINK PAISELY BROWN SPOT,468
22357,KINGS CHOICE BISCUIT TIN,468
22914,BLUE COAT RACK PARIS FASHION,467
84569D,PACK 6 HEART/ICE-CREAM PATCHES,467
22199,FRYING PAN RED RETROSPOT,467
20707,CRAZY DAISY HEART DECORATION,464
22783,SET 3 WICKER OVAL BASKETS W LIDS,463
22911,PAPER CHAIN KIT LONDON,463
35971,ROSE FOLKART HEART DECORATIONS,462
23325,RUSTIC STRAWBERRY JAMPOT SMALL,462
22318,FIVE HEART HANGING DECORATION,462
23424,GINGHAM RECIPE BOOK BOX,462
23400,SHELF WITH 4 HOOKS HOME SWEET HOME,461
17012D,ORIGAMI ROSE INCENSE/CANDLE SET ,461
20665,RED RETROSPOT PURSE ,461
22425,ENAMEL COLANDER CREAM,460
23401,RUSTIC MIRROR WITH LACE HEART,459
23125,6PC WOOD PLATE SET DISPOSABLE,459
21311,SET/4 BIRD MIRROR MAGNETS ,459
75178,ASSTD COL BUTTERFLY/CRYSTAL W/CHIME,459
15044A,PINK PAPER PARASOL ,458
20868,SILVER FABRIC MIRROR,458
23406,HOME SWEET HOME KEY HOLDER,456
23049,RECYCLED ACAPULCO MAT RED,456
23697,A PRETTY THANK YOU CARD,456
22341,LOVE GARLAND PAINTED ZINC ,453
85159A,"BLACK TEA,COFFEE,SUGAR JARS",453
22946,WOODEN ADVENT CALENDAR CREAM,453
35651,VINTAGE BEAD PINK SCARF ,451
84951B,SET OF 4 BLACK LOVEBIRD COASTERS,451
72799E,IVORY PILLAR CANDLE SILVER FLOCK,451
85170D,SET/6 PINK BIRD T-LIGHT CANDLES,451
15060B,FAIRY CAKE DESIGN UMBRELLA,451
23357,HOT WATER BOTTLE SEX BOMB,450
22843,BISCUIT TIN VINTAGE GREEN,450
22925,BLUE GIANT GARDEN THERMOMETER,449
84625C,BLUE NEW BAROQUE CANDLESTICK CANDLE,449
21446,12 RED ROSE PEG PLACE SETTINGS,449
23128,FELTCRAFT BOY JEAN-PAUL KIT,448
17012F,ORIGAMI SANDLEWOOD INCENSE/CAND SET,448
21219,SET/4 BADGES BALLOON GIRL,448
22839,3 TIER CAKE TIN GREEN AND CREAM,445
79160,HEART SHAPE WIRELESS DOORBELL,444
22453,MEASURING TAPE BABUSHKA BLUE,442
22223,CAKE PLATE LOVEBIRD PINK,441
37495,FAIRY CAKE BIRTHDAY CANDLE SET,440
22446,PIN CUSHION BABUSHKA PINK,439
21171,BATHROOM METAL SIGN ,438
21807,WHITE CHRISTMAS STAR DECORATION,438
21442,GREEN BIRDHOUSE DECORATION,437
23556,LANDMARK FRAME COVENT GARDEN ,436
23394,POSTE FRANCE CUSHION COVER,435
22822,CREAM WALL PLANTER HEART SHAPED,433
20658,RED RETROSPOT LUGGAGE TAG,433
23008,DOLLY GIRL BABY GIFT SET,433
23338,EGG FRYING PAN RED ,431
22246,MAGIC GARDEN FELT GARLAND ,431
84926F,PSYCHEDELIC TILE COASTER,430
84031A,CHARLIE+LOLA RED HOT WATER BOTTLE ,430
23219,LAUREL STAR ANTIQUE SILVER ,430
22927,GREEN GIANT GARDEN THERMOMETER,430
85169C,EAU DE NIL LOVE BIRD CANDLE,429
23598,PAPER BUNTING VINTAGE PARTY,427
22032,BOTANICAL LILY GREETING CARD,427
84356,POMPOM CURTAIN,424
21846,PINK DIAMANTE PEN IN GIFT BOX,424
17084P,DRAGONS BLOOD INCENSE,423
23554,LANDMARK FRAME OXFORD STREET,422
23022,SMALL BONNE JAM JAR  T-LIGHT HOLDER,422
23555,LANDMARK FRAME NOTTING HILL ,421
21441,BLUE BIRDHOUSE DECORATION,421
17012C,ORIGAMI LAVENDER INCENSE/CANDL SET ,420
22891,TEA FOR ONE POLKADOT,420
35809A,ENAMEL PINK TEA CONTAINER,420
23527,ANIMALS AND NATURE WALL ART,420
22471,TV DINNER TRAY AIR HOSTESS ,419
23482,PEARLISED IVORY HEART LARGE ,418
22277,COSMETIC BAG VINTAGE ROSE PAISLEY,417
22165,"DIAMANTE HEART SHAPED WALL MIRROR, ",415
84078A,SET/4 WHITE RETRO STORAGE CUBES ,415
23558,LANDMARK FRAME LONDON BRIDGE ,415
22069,BROWN  PIRATE TREASURE CHEST ,414
21926,RED/CREAM STRIPE CUSHION COVER ,414
85019A,ROMANTIC IMAGES NOTEBOOK SET,414
23139,SINGLE WIRE HOOK PINK HEART,414
22591,CARDHOLDER GINGHAM CHRISTMAS TREE,413
23521,CAT AND BIRD WALL ART,413
21666,RIDGED GLASS T-LIGHT HOLDER,412
22519,CHILDS GARDEN BRUSH PINK,411
21358,TOAST ITS - HAPPY BIRTHDAY,411
85059,FRENCH ENAMEL WATER BASIN,411
21785,RAIN PONCHO ,411
47310M,"SMALL POP BOX,FUNKY MONKEY",410
23565,EGG CUP MILKMAID HELGA ,410
72760B,VINTAGE CREAM 3 BASKET CAKE STAND,409
21717,EASTER TIN BUCKET,408
21724,PANDA AND BUNNIES STICKER SHEET,408
22362,GLASS JAR PEACOCK BATH SALTS,408
22067,CHOC TRUFFLE GOLD TRINKET POT ,408
23314,VINTAGE CHRISTMAS TABLECLOTH,407
20752,BLUE POLKADOT WASHING UP GLOVES,407
21625,VINTAGE UNION JACK APRON,407
22278,OVERNIGHT BAG VINTAGE ROSE PAISLEY,405
21060,PARTY INVITES BALLOON GIRL,405
21897,POTTING SHED CANDLE CITRONELLA,405
22127,PARTY CONES CARNIVAL ASSORTED,404
21618,4 WILDFLOWER BOTANICAL CANDLES,404
22203,MILK PAN RED RETROSPOT,403
21925,UNION STRIPE CUSHION COVER ,403
85071D,CHARLIE+LOLA MY ROOM DOOR SIGN,403
21284,RETROSPOT CANDLE  SMALL,403
22538,MINI JIGSAW GO TO THE FAIR,402
20716,PARTY FOOD SHOPPER BAG,400
84535A,ENGLISH ROSE NOTEBOOK A6 SIZE,399
22042,CHRISTMAS CARD SINGING ANGEL,399
23324,RUSTIC STRAWBERRY JAMPOT LARGE ,399
21913,VINTAGE SEASIDE JIGSAW PUZZLES,398
22200,FRYING PAN PINK POLKADOT,398
84559A,3D SHEET OF DOG STICKERS,397
21723,ALPHABET HEARTS STICKER SHEET,397
72807B,SET/3 OCEAN SCENT CANDLE JEWEL BOX,395
35004C,SET OF 3 COLOURED  FLYING DUCKS,394
21812,GARLAND WITH HEARTS AND BELLS,393
72807A,SET/3 ROSE CANDLE IN JEWELLED BOX,393
22852,DOG BOWL VINTAGE CREAM,390
84580,MOUSE TOY WITH PINK T-SHIRT,389
23391, I LOVE LONDON MINI BACKPACK,389
47580,TEA TIME DES TEA COSY,388
77101A,UNION FLAG WINDSOCK,387
22459,CAST IRON HOOK GARDEN TROWEL,386
20838,FRENCH LATTICE CUSHION COVER ,385
22890,NOVELTY BISCUITS CAKE STAND 3 TIER,385
79190A,RETRO PLASTIC 70'S TRAY,384
21470,FLOWER VINE RAFFIA FOOD COVER,381
21622,VINTAGE UNION JACK CUSHION COVER,380
37500,TEA TIME TEAPOT IN GIFT BOX,380
22589,CARDHOLDER GINGHAM STAR,379
23218,LAUREL STAR ANTIQUE GOLD,379
22136,LOVE HEART SOCK HANGER,378
21352,EUCALYPTUS & PINECONE  WREATH,378
85049F,BABY BOOM RIBBONS ,378
23335,EGG FRYING PAN IVORY ,377
84279P,CHERRY BLOSSOM  DECORATIVE FLASK,377
23694,PAISLEY PARK CARD,376
23085,ANTIQUE SILVER BAUBLE LAMP  ,376
23342,MINT DINER WALL CLOCK,373
22257,FELT FARM ANIMAL SHEEP,373
22405,MONEY BOX POCKET MONEY DESIGN,372
22182,CAKE STAND VICTORIAN FILIGREE SMALL,372
16168M,FUNKY MONKEY GIFT BAG MEDIUM,371
22691,DOORMAT WELCOME SUNRISE,371
79302M,"ART LIGHTS,FUNK MONKEY",370
21534,DAIRY MAID LARGE MILK JUG,370
22309,TEA COSY RED  STRIPE,369
21187,WHITE BELL HONEYCOMB PAPER GARLAND ,369
35965,FOLKART HEART NAPKIN RINGS,366
22021,BLUE FELT EASTER EGG BASKET,365
21285,RETROSPOT CANDLE  MEDIUM,365
23051,RECYCLED ACAPULCO MAT BLUE,365
81952V,ROUND PURPLE CLOCK WITH SUCKER,365
22660,DOORMAT I LOVE LONDON,364
84997b,RED 3 PIECE RETROSPOT CUTLERY SET,364
23053,RECYCLED ACAPULCO MAT PINK,364
23272,TREE T-LIGHT HOLDER WILLIE WINKIE,364
22518,CHILDS GARDEN BRUSH BLUE,363
21365,MIRRORED WALL ART STARS,363
21693,SMALL HAMMERED SILVER CANDLEPOT ,361
85036B,CHOCOLATE 1 WICK MORRIS BOX CANDLE,361
23518,EMBROIDERED RIBBON REEL RACHEL ,361
84800L,LARGE WHITE/PINK ROSE ART FLOWER,360
23523,TREASURE AHOY WALL ART,360
22703,PINK CAT BOWL,360
23107,WHITE WIRE PLANT POT HOLDER,359
23412,HEART MIRROR ANTIQUE WHITE,358
21945,STRAWBERRIES  DESIGN FLANNEL ,358
84247G,"DECOUPAGE,GREETING CARD,",357
21288,STRIPEY CHOCOLATE NESTING BOXES,355
21189,WHITE HONEYCOMB PAPER GARLAND ,355
23522,DOG AND BALL WALL ART,354
22121,NOEL WOODEN BLOCK LETTERS ,352
22777,GLASS BELL JAR LARGE,352
22913,RED COAT RACK PARIS FASHION,352
17136A,BLUE STONES ON WIRE FOR CANDLE,352
85169D,PINK LOVE BIRD CANDLE,351
23025,DRAWER KNOB VINTAGE GLASS BALL,350
23557,LANDMARK FRAME BAKER STREET ,350
22106,MIRROR MOSAIC HURRICANE LAMP ,349
23046,PAPER LANTERN 9 POINT DELUXE STAR,349
21867,PINK UNION JACK  LUGGAGE TAG,348
21688,SILVER PLATE CANDLE BOWL SMALL,348
21424,WOODLAND STORAGE BOX LARGE ,346
21706,FOLDING UMBRELLA RED/WHITE POLKADOT,346
71101E,STANDING FAIRY POLE SUPPORT ,346
22375,AIRLINE BAG VINTAGE JET SET BROWN,346
22406,MONEY BOX KINGS CHOICE DESIGN,346
21719,LOVELY BONBON STICKER SHEET,345
22808,SET OF 6 T-LIGHTS EASTER CHICKS,345
22119,PEACE WOODEN BLOCK LETTERS,345
21792,CLASSIC FRENCH STYLE BASKET GREEN ,344
21448,12 DAISY PEGS IN WOOD BOX,344
84993A,75 GREEN PETIT FOUR CASES,343
22215,CAKE STAND WHITE TWO TIER LACE,343
82616B,FRAPPUCINO SCARF KNITTING KIT,343
21417,COCKLE SHELL DISH,340
85087,CANDY SPOT CUSHION COVER,339
22389,PAPERWEIGHT SAVE THE PLANET,338
85230F,JASMINE VOTIVE CANDLE,338
21220,SET/4 BADGES DOGS,338
22033,BOTANICAL ROSE GREETING CARD,337
85187,S/12 MINI RABBIT EASTER,337
21944,KITTENS DESIGN FLANNEL,337
21972,SET OF 36 DINOSAUR PAPER DOILIES,335
85170C,SET/6 EAU DE NIL BIRD T-LIGHTS,335
21042,RED RETROSPOT APRON ,334
22073,RED RETROSPOT STORAGE JAR,334
23072,MARIE ANTOINETTE TRINKET BOX SILVER,334
23517,EMBROIDERED RIBBON REEL REBECCA ,334
22498,WOODEN REGATTA BUNTING,333
84558A,3D DOG PICTURE PLAYING CARDS,333
21537,RED RETROSPOT PUDDING BOWL,332
23469,CARD HOLDER LOVE BIRD SMALL,332
21262,WHITE GOOSE FEATHER CHRISTMAS TREE ,332
23538,WALL ART VINTAGE HEART,331
20867,PINK ROSE FABRIC MIRROR,331
22180,RETROSPOT LAMP,330
21828,EIGHT PIECE SNAKE  SET,330
85169B,BLACK LOVE BIRD CANDLE,329
21820,GLITTER HEART GARLAND WITH BELLS ,329
85025B,EAU DE NILE HEART SHAPE PHOTO FRAME,329
23415,HOME SWEET HOME HOOK,328
23178,JAM CLOCK MAGNET,327
21143,ANTIQUE GLASS HEART DECORATION ,327
22794,SWEETHEART WIRE MAGAZINE RACK,326
21188,3D HEARTS  HONEYCOMB PAPER GARLAND,326
22263,FELT EGG COSY LADYBIRD ,326
51020A,SUMMER FUN DESIGN SHOWER CAP,325
90058A,CRYSTAL STUD EARRINGS CLEAR DISPLAY,324
82616C,MIDNIGHT GLAMOUR SCARF KNITTING KIT,324
72122,COFFEE SCENT PILLAR CANDLE,324
23179,CLOCK MAGNET MUM'S KITCHEN,324
21562,HAWAIIAN GRASS SKIRT ,324
72802A,ROSE SCENT CANDLE IN JEWELLED BOX,323
22848,BREAD BIN DINER STYLE PINK,323
17012A,ORIGAMI VANILLA INCENSE/CANDLE SET ,323
22849,BREAD BIN DINER STYLE MINT,323
84912B,GREEN ROSE WASHBAG,323
22183,CAKE STAND VICTORIAN FILIGREE MED,322
85025C,PINK HEART SHAPE PHOTO FRAME,321
15044B,BLUE PAPER PARASOL ,321
22472,TV DINNER TRAY DOLLY GIRL,320
84997d,PINK 3 PIECE POLKADOT CUTLERY SET,319
85188A,GREEN METAL SWINGING BUNNY,319
35911A,MULTICOLOUR RABBIT EGG WARMER,319
21518,BANK ACCOUNT  GREETING  CARD ,318
84968C,SET OF 16 VINTAGE PISTACHIO CUTLERY,317
23185,FRENCH STYLE STORAGE JAR JAM,317
21067,VINTAGE RED TEATIME MUG,317
23453,OVAL  MINI PORTRAIT FRAME,316
35915C,PEACH KNITTED HEN ,315
23071,MARIE ANTOIENETT TRINKET BOX GOLD,315
23010,CIRCUS PARADE BABY GIFT SET,315
22475,SKULL DESIGN TV DINNER TRAY,313
22606,WOODEN SKITTLES GARDEN SET,313
15044C,PURPLE PAPER PARASOL,313
23111,PARISIENNE SEWING BOX,312
23474,WOODLAND SMALL BLUE FELT HEART,312
84880,WHITE WIRE EGG HOLDER,312
21683,MEDIUM MEDINA STAMPED METAL BOWL ,310
23408,PHOTO FRAME LINEN AND LACE SMALL,310
20615,BLUE POLKADOT PASSPORT COVER,309
84806B,WHITE CANDYSTUFT ARTIFICIAL FLOWER,308
22236,CAKE STAND 3 TIER MAGIC GARDEN,308
21694,SMALL REGAL  SILVER CANDLEPOT ,307
23341,PINK DINER WALL CLOCK,307
23660,HENRIETTA HEN MUG ,306
20755,BLUE PAISLEY POCKET BOOK,306
22861,EASTER TIN CHICKS IN GARDEN,305
22894,TABLECLOTH RED APPLES DESIGN ,305
85039C,S/4 BLACK MINI ROSE CANDLE IN BOWL,305
21466,RED FLOWER CROCHET FOOD COVER,304
21374,MIRRORED WALL ART SKULLS,304
20669,RED HEART LUGGAGE TAG,304
21793,CLASSIC FRENCH STYLE BASKET BROWN,304
22474,SPACEBOY TV DINNER TRAY,303
84031B,CHARLIE LOLA BLUE HOT WATER BOTTLE ,303
10080,GROOVY CACTUS INFLATABLE,303
22514,CHILDS GARDEN SPADE BLUE,302
84884A,ANT WHITE WIRE HEART SPIRAL,301
21725,SWEETIES  STICKERS,301
22638,SET OF 4 NAPKIN CHARMS CROWNS ,300
21421,PORCELAIN ROSE LARGE ,299
84927F,PSYCHEDELIC TILE HOOK,299
21743,STAR PORTABLE TABLE LIGHT ,299
22283,6 EGG HOUSE PAINTED WOOD,299
20931,BLUE POT PLANT CANDLE ,299
84228,HEN HOUSE W CHICK STANDING,297
85185B,PINK HORSE SOCK PUPPET,297
22442,GROW YOUR OWN FLOWERS SET OF 3,296
23402,HOME SWEEET HOME 3 PEG HANGER ,296
23516,EMBROIDERED RIBBON REEL SOPHIE  ,296
21064,BOOM BOX SPEAKER BOYS,296
21698,MOCK LOBSTER FRIDGE MAGNET,296
23027,DRAWER KNOB VINTAGE GLASS HEXAGON,295
23054,RECYCLED ACAPULCO MAT LAVENDER,295
84569A,PACK 3 IRON ON DOG PATCHES,294
23067,HANGING ENGRAVED METAL HEART,294
85123a,WHITE HANGING HEART T-LIGHT HOLDER,292
23106,ZINC HEARTS PLANT POT HOLDER,291
22276,WASH BAG VINTAGE ROSE PAISLEY,290
21407,BROWN CHECK CAT DOORSTOP ,290
21469,POLKA DOT RAFFIA FOOD COVER,290
47471,RAINBOW PEGS PHOTO CLIP STRING,290
22928,YELLOW GIANT GARDEN THERMOMETER,288
22104,MIRROR MOSAIC CANDLE PLATE,288
22912,YELLOW COAT RACK PARIS FASHION,287
21371,MIRRORED WALL ART POPPIES,287
21942,SKULLS DESIGN FLANNEL,287
22324,BLUE POLKADOT KIDS BAG,286
23475,WOODLAND SMALL PINK FELT HEART,286
22256,FELT FARM ANIMAL CHICKEN,286
21246,RED RETROSPOT BIG BOWL,286
22317,FIVE CATS HANGING DECORATION,286
47563A,RETRO LONGBOARD IRONING BOARD COVER,285
23478,WOODLAND LARGE PINK FELT HEART,285
21408,SPOTTY PINK DUCK DOORSTOP,285
21197,MULTICOLOUR  CONFETTI IN TUBE,284
84997c,BLUE 3 PIECE POLKADOT CUTLERY SET,284
21695,SMALL SILVER FLOWER CANDLE POT,284
21264,WHITE GOOSE FEATHER TREE 60CM ,283
22495,SET OF 2 ROUND TINS CAMEMBERT ,282
84051,ASS COLOUR GLOWING TIARAS,281
84659A,WHITE TRAVEL ALARM CLOCK,280
22372,AIRLINE BAG VINTAGE WORLD CHAMPION ,279
22414,DOORMAT NEIGHBOURHOOD WITCH ,279
22936,BAKING MOULD ROSE WHITE CHOCOLATE,279
23451,SQUARE MINI PORTRAIT FRAME,277
85035A,GARDENIA 3 WICK MORRIS BOXED CANDLE,276
20826,SILVER APERITIF GLASS,276
23425,STORAGE TIN HOME SWEET HOME,275
22760,"TRAY, BREAKFAST IN BED",275
23486,ANTIQUE HEART SHELF UNIT,275
23023,RIDGED BONNE JAM JAR T-LIGHT HOLDER,274
85232B,SET OF 3 BABUSHKA STACKING TINS,274
84913A,SOFT PINK ROSE TOWEL ,273
23065,LARGE DECO JEWELLERY STAND,273
21286,RETROSPOT CANDLE  LARGE,273
84663A,GRASS HOPPER WOODEN WALL CLOCK ,272
23041,PAPER LANTERN 9 POINT SNOW STAR,272
85180B,PINK HEARTS LIGHT CHAIN ,271
21865,PINK UNION JACK  PASSPORT COVER ,271
21635,MADRAS NOTEBOOK LARGE ,271
84251G,"GREETING CARD, OVERCROWDED POOL.",270
22642,SET OF 4 NAPKIN CHARMS STARS   ,269
20893,HANGING BAUBLE T-LIGHT HOLDER SMALL,268
35819B,"ACRYLIC HANGING JEWEL,BLUE",268
84968A,SET OF 16 VINTAGE ROSE CUTLERY,267
20686,DOLLY MIXTURE CHILDREN'S UMBRELLA,267
22390,PAPERWEIGHT CHILDHOOD MEMORIES,266
22515,CHILDS GARDEN SPADE PINK,266
22454,MEASURING TAPE BABUSHKA RED,266
84849B,FAIRY SOAP SOAP HOLDER,266
23407,SET OF 2 TRAYS HOME SWEET HOME,265
20652,BLUE POLKADOT LUGGAGE TAG ,265
20967,GREY FLORAL FELTCRAFT SHOULDER BAG,265
21222,SET/4 BADGES BEETLES,265
79190D,RETRO PLASTIC DAISY TRAY,265
21467,CHERRY CROCHET FOOD COVER,264
82494l,WOODEN FRAME ANTIQUE WHITE ,264
22162,HEART GARLAND RUSTIC PADDED,264
47585A,PINK FAIRY CAKE CUSHION COVER,264
35818P,"ACRYLIC JEWEL ICICLE, PINK",263
23153,ZINC SWEETHEART WIRE LETTER RACK,263
23009,I LOVE LONDON BABY GIFT SET,263
90209C,PINK ENAMEL+GLASS HAIR COMB,263
23485,BOTANICAL GARDENS WALL CLOCK ,262
20619,TROPICAL PASSPORT COVER ,262
21221,SET/4 BADGES CUTE CREATURES,261
22806,SET OF 6 T-LIGHTS WEDDING CAKE ,260
84820,DANISH ROSE TRINKET TRAYS,259
23066,SMALL DECO JEWELLERY STAND,259
85088,CANDY SPOT HAND BAG,259
23253,16 PIECE CUTLERY SET PANTRY DESIGN,258
21676,FLOWERS  STICKERS,257
84796B,BLUE SAVANNAH PICNIC HAMPER FOR 2,256
21426,WOODLAND STORAGE BOX SMALL,256
23024,LARGE BONNE JAM JAR  T-LIGHT HOLDER,255
21026,SPACE OWL,255
21739,COSY SLIPPER SHOES SMALL GREEN,254
21205,MULTICOLOUR 3D BALLS GARLAND,253
23040,PAPER LANTERN 9 POINT SNOW STAR ,253
22496,SET OF 2 ROUND TINS DUTCH CHEESE,253
23405,HOME SWEET HOME 2 DRAWER CABINET,252
21581,SKULLS  DESIGN  COTTON TOTE BAG,252
35912B,WHITE/PINK CHICK DECORATION,252
22376,AIRLINE BAG VINTAGE JET SET WHITE,252
21576,LETS GO SHOPPING COTTON TOTE BAG,252
23079,TOADSTOOL BEDSIDE LIGHT ,251
22511,RETROSPOT BABUSHKA DOORSTOP,251
21821,GLITTER STAR GARLAND WITH BELLS ,251
23562,SET OF 6 RIBBONS PERFECTLY PRETTY  ,251
20767,BLUE PAISLEY JOURNAL ,250
23316,RED REFECTORY CLOCK ,250
22039,BOTANICAL LILY GIFT WRAP,250
22308,TEA COSY BLUE STRIPE,250
85107,CUT GLASS T-LIGHT HOLDER OCTAGON,249
21464,DISCO BALL ROTATOR BATTERY OPERATED,249
22325,MOBILE VINTAGE HEARTS ,249
23060,HEART BEADED TRELLIS DECORATION,249
23597,PAPER BUNTING PAISLEY PARK,249
22500,SET OF 2 TINS JARDIN DE PROVENCE,248
20772,GARDEN PATH JOURNAL,247
23539,WALL ART LOVES' SECRET ,247
22504,CABIN BAG VINTAGE RETROSPOT,247
21638,ASSORTED TUTTI FRUTTI NOTEBOOK,247
22428,ENAMEL FIRE BUCKET CREAM,246
23074,EMBOSSED HEART TRINKET BOX,246
22785,SQUARECUSHION COVER PINK UNION FLAG,245
84251B,"GREETING CARD, STICKY GORDON",245
85049a,TRADITIONAL CHRISTMAS RIBBONS,244
21363,HOME SMALL WOOD LETTERS,243
22270,HAPPY EASTER HANGING DECORATION,243
84691,PACK 20 DOLLY PEGS,242
20854,BLUE PATCH PURSE PINK HEART,242
22782,SET 3 WICKER STORAGE BASKETS ,241
15058C,ICE CREAM DESIGN GARDEN PARASOL,240
22461,SAVOY ART DECO CLOCK,239
22643,SET OF 4 NAPKIN CHARMS LEAVES   ,238
84970s,HANGING HEART ZINC T-LIGHT HOLDER,238
71038,WHITE HANGING BEADS CANDLE HOLDER,238
22410,MONEY BOX HOUSEKEEPING DESIGN,237
21106,CREAM SLICE FLANNEL CHOCOLATE SPOT ,237
22640,SET OF 4 NAPKIN CHARMS 3 KEYS ,237
21465,PINK FLOWER CROCHET FOOD COVER,237
84559B,3D SHEET OF CAT STICKERS,237
23427,STOOL HOME SWEET HOME ,237
21726,MULTI HEARTS  STICKERS,237
71270,PHOTO CLIP LINE,236
22167, OVAL WALL MIRROR DIAMANTE ,236
79063C,"RETRO PILL BOX KEY CHAIN,THE KING",235
21089,SET/6 GREEN SPRING PAPER CUPS,233
46118,FUNKY MONKEY CUSHION COVER,232
23470,CARD HOLDER LOVE BIRD LARGE ,232
22060,LARGE CAKE STAND HANGING HEARTS,231
22220,CAKE STAND LOVEBIRD 2 TIER WHITE,231
22118,JOY WOODEN BLOCK LETTERS,230
22409,MONEY BOX BISCUITS DESIGN,228
15058B,PINK POLKADOT GARDEN PARASOL,228
23481,PEARLISED IVORY HEART SMALL ,228
23491,VINTAGE JINGLE BELLS HEART,228
21613,S/12 VANILLA  BOTANICAL T-LIGHTS,227
23411, TRELLIS COAT RACK,227
22829,SWEETHEART WIRE WALL TIDY,227
23183,MOTHER'S KITCHEN SPOON REST ,226
35933,PINK STOCKING CHRISTMAS DECORATION,226
17084J,LOVE POTION MASALA INCENSE,225
47481,50CM METAL STRING WITH  7 CLIPS,225
72819,CUPID DESIGN SCENTED CANDLES,225
22611,VINTAGE UNION JACK SHOPPING BAG,225
23495,SET OF 3 PANTRY WOODEN SPOONS,225
23336,EGG FRYING PAN PINK ,225
21804,WHITE CHRISTMAS GARLAND STARS TREES,225
23519,EMBROIDERED RIBBON REEL CLAIRE,224
21696,SMALL SILVER TRELLIS CANDLEPOT,224
22497,SET OF 2 TINS VINTAGE BATHROOM ,224
84799,SPRIG LAVENDER ARTIFICIAL FLOWER,224
84916,HAND TOWEL PALE BLUE W FLOWERS,223
85215,ASSORTED CHEESE FRIDGE MAGNETS,223
85208,SET/12 FUNKY FELT FLOWER PEG IN BAG,223
22451,SILK PURSE BABUSHKA RED,222
23064,CINDERELLA CHANDELIER ,221
85144,JARDIN ETCHED GLASS BUTTER DISH,220
22788,BROCANTE COAT RACK,220
35915B,BLUE KNITTED HEN ,220
21656,RIDGED GLASS POSY VASE ,219
23423,PANTRY 3 HOOK ROLLING PIN HANGER,219
21415,CLAM SHELL SMALL ,219
23661,MILK MAIDS MUG ,219
72130,COLUMBIAN CANDLE ROUND,219
84876B,GREEN HEART COMPACT MIRROR,218
84086C,PINK/PURPLE RETRO RADIO,218
84509B,SET OF 4 FAIRY CAKE PLACEMATS,217
84915,HAND TOWEL PINK FLOWER AND DAISY,217
35599B,BLACK CHRISTMAS TREE 120CM,217
21624,VINTAGE UNION JACK DOORSTOP,216
20704,MR ROBOT SOFT TOY,216
20831,GOLD PHOTO FRAME,216
20856,DENIM PATCH PURSE PINK BUTTERFLY,216
85064,CREAM SWEETHEART LETTER RACK,215
23409,PHOTO FRAME LINEN AND LACE LARGE,215
21644,ASSORTED TUTTI FRUTTI HEART BOX,215
21528,DAIRY MAID TRADITIONAL TEAPOT ,215
85170B,SET/6 BLACK BIRD T-LIGHT CANDLES,215
23533,WALL ART GARDEN HAVEN ,215
21445,12 PINK ROSE PEG PLACE SETTINGS,214
23422,PANTRY HOOK BALLOON WHISK ,213
23315,IVORY REFECTORY CLOCK,213
47578A,ENGLISH ROSE SMALL SCENTED FLOWER,213
18098C,PORCELAIN BUTTERFLY OIL BURNER,213
22157,ANGEL DECORATION WITH LACE PADDED,212
21735,TWO DOOR CURIO CABINET,212
85036A,GARDENIA 1 WICK MORRIS BOXED CANDLE,211
23567,EGG CUP HENRIETTA HEN PINK,211
23532,WALL ART WORK REST AND PLAY  ,210
46776F,WOVEN ROSE GARDEN CUSHION COVER ,210
22510,GINGHAM BABUSHKA DOORSTOP,210
22509,SEWING BOX RETROSPOT DESIGN ,209
47591B,SCOTTIES CHILDRENS APRON,209
22799,SWEETHEART WIRE FRUIT BOWL,207
23455,SMALL PARLOUR PICTURE FRAME,207
22166,WALL MIRROR RECTANGLE DIAMANTE PINK,207
85129D,BEADED CRYSTAL HEART PINK SMALL,207
22763,KEY CABINET MA CAMPAGNE,206
22516,CHILDS GARDEN RAKE BLUE,206
21248,DOOR HANGER  MUM + DADS ROOM,205
23476,WOODLAND LARGE RED FELT HEART,205
84748,FOLK FELT HANGING MULTICOL GARLAND,204
20932,PINK POT PLANT CANDLE,204
21147,JINGLE BELLS TREE DECORATION,203
84970l,SINGLE HEART ZINC T-LIGHT HOLDER,201
85104,SILVER GLASS T-LIGHT SET,201
35599D,PINK AND WHITE CHRISTMAS TREE 120CM,201
23181,BULL DOG BOTTLE TOP WALL CLOCK,201
22448,PIN CUSHION BABUSHKA RED,201
81952B,ROUND BLUE CLOCK WITH SUCKER,200
15058A,BLUE POLKADOT GARDEN PARASOL,200
16169K,WRAP FOLK ART,200
17084A,TRANQUILITY MASALA INCENSE,200
47566b,TEA TIME PARTY BUNTING,199
22517,CHILDS GARDEN RAKE PINK,199
23039,T-LIGHT HOLDER SILVER HEART HANDLE,199
21462,"NURSERY A,B,C PAINTED LETTERS",198
78124,MAGAZINE RACK GEBRA ASSORTED ,198
23576,SNACK TRAY RED VINTAGE DOILY,198
35001G,HAND OPEN SHAPE GOLD,198
22204,MILK PAN BLUE POLKADOT,197
51020B,STRIPY DESIGN SHOWER CAP,197
21320,GLASS CHALICE GREEN  LARGE ,197
22954,HEN PARTY CORDON BARRIER TAPE,197
20655,QUEEN OF SKIES LUGGAGE TAG,197
47420,ASSORTED COLOUR SUCTION CUP HOOK,196
84913B,MINT GREEN ROSE TOWEL,196
22272,FELTCRAFT DOLL MARIA,196
23037,CANDLE HOLDER SILVER MADELINE,196
21587,COSY HOUR GIANT TUBE MATCHES,195
35914,PINK CHICK EGG WARMER + EGG CUP,195
21721,CANDY SHOP  STICKER SHEET,195
84683,CLASSICAL ROSE CANDLESTAND,194
21742,LARGE ROUND WICKER PLATTER ,194
20616,CHERRY BLOSSOM PASSPORT COVER,194
22450,SILK PURSE BABUSHKA BLUE,194
85179A,GREEN BITTY LIGHT CHAIN,193
84674,FLYING PIG WATERING CAN,193
22201,FRYING PAN BLUE POLKADOT,193
72128,COLUMBIAN CANDLE ROUND,193
22903,CALENDAR FAMILY FAVOURITES,193
85232D,SET/3 DECOUPAGE STACKING TINS,193
85131C,BEADED CRYSTAL HEART BLUE ON STICK,193
22214,CANDLE PLATE LACE WHITE,193
85024B,EAU DE NILE JEWELLED PHOTOFRAME,193
21051,RIBBONS PURSE ,192
18094C,WHITE AND BLUE CERAMIC OIL BURNER,192
84279B,CHERRY BLOSSOM DECORATIVE FLASK,192
10120,DOGGY RUBBER,192
21708,FOLDING UMBRELLA CREAM POLKADOT,190
79063D,"RETRO PILL BOX , REVOLUTIONARY",189
22320,BIRDS MOBILE VINTAGE DESIGN,189
21261,GREEN GOOSE FEATHER CHRISTMAS TREE ,187
84581,DOG TOY WITH PINK CROCHET SKIRT,187
21028,NINJA RABBIT BLACK,187
85127,SMALL SQUARE CUT GLASS CANDLESTICK,187
84789,ENCHANTED BIRD PLANT CAGE,186
84952B,BLACK LOVE BIRD T-LIGHT HOLDER,186
84858C,PINK RIVIERA HANDBAG,186
20622,VIPPASSPORT COVER ,185
23484,HEART TRELLISTRIPLE T-LIGHT HOLDER,185
20998,ROSE DU SUD OVEN GLOVE,185
47570B,TEA TIME TABLE CLOTH,185
90209B,GREEN ENAMEL+GLASS HAIR COMB,184
84917,WHITE HAND TOWEL WITH BUTTERFLY,184
20770,ABSTRACT CIRCLE JOURNAL ,184
21056,DOCTOR'S BAG SOFT TOY,184
23036,T-LIGHT HOLDER SILVER PETIT FOUR ,184
85200,BUNNY EGG BOX,183
22359,GLASS JAR KINGS CHOICE,183
21682,LARGE MEDINA STAMPED METAL BOWL ,182
21458,2 PICTURE BOOK EGGS EASTER BUNNY,182
85019C,CURIOUS  IMAGES NOTEBOOK SET,182
21251,DINOSAUR HEIGHT CHART STICKER SET,182
23140,TRIPLE WIRE HOOK IVORY HEART,182
21580,RABBIT  DESIGN  COTTON TOTE BAG,181
23337,EGG FRYING PAN MINT ,180
21808,"CHRISTMAS GARLAND STARS,TREES",180
79144B,PAINTED LIGHTBULB STAR+ MOON,180
84849A,HELLO SAILOR BLUE SOAP HOLDER,180
23020,GLASS  SONGBIRD STORAGE JAR,180
20869,GOLD FABRIC MIRROR,180
84673B,BLUE FLY SWAT,179
23575,SNACK TRAY PAISLEY PARK,179
21055,TOOL BOX SOFT TOY ,178
71143,SILVER BOOK MARK WITH BEADS,178
21379,CAMPHOR WOOD PORTOBELLO MUSHROOM,178
84931B,BLUE SCOTTIE DOG W FLOWER PATTERN,177
84968F,SET OF 16 VINTAGE SKY BLUE CUTLERY,177
20768,GREEN FERN JOURNAL ,176
84795B,SUNSET CHECK HAMMOCK,176
21579,LOLITA  DESIGN  COTTON TOTE BAG,176
90200D,PINK SWEETHEART BRACELET,175
71279,PINK GLASS CANDLEHOLDER,175
21025,SPACE FROG,174
23454,SET OF 3 MINI HANGING PORTRAITS,174
84249A,"GREETING CARD,SQUARE, DOUGHNUTS",174
23317,BLUE REFECTORY CLOCK ,173
23413,VINTAGE COFFEE GRINDER BOX,173
23339,EGG FRYING PAN BLUE ,173
21849,SILVER DIAMANTE PEN IN GIFT BOX,173
84843,WHITE SOAP RACK WITH 2 BOTTLES,172
75011,BLUE DAISY MOBILE,172
79067,CORONA MEXICAN TRAY,172
23560,SET OF 6 RIBBONS COUNTRY STYLE,172
22762,CUPBOARD 3 DRAWER MA CAMPAGNE,171
21456,2 PICTURE BOOK EGGS EASTER CHICKS,171
17091A,LAVENDER INCENSE IN TIN,171
22862,LOVE HEART NAPKIN BOX ,171
21367,MIRRORED WALL ART GENTS,171
20836,FRENCH PAISLEY CUSHION COVER,170
47594B,SCOTTIES DESIGN WASHBAG,170
17107D,"FLOWER FAIRY,5 SUMMER B'DRAW LINERS",170
23561,SET OF 6 RIBBONS PARTY,170
35637A,IVORY STRING CURTAIN WITH POLE ,170
20777,CHRYSANTHEMUM NOTEBOOK,169
22889,NUMBER TILE VINTAGE FONT No ,169
23579,SNACK TRAY I LOVE LONDON,169
21631,HIPPY CHIC DECORATIVE PARASOL,169
72127,COLUMBIAN CANDLE ROUND ,169
21781,MA CAMPAGNE CUTLERY BOX,168
22394,PAPERWEIGHT KINGS CHOICE ,168
21190,PINK HEARTS PAPER GARLAND,168
21027,NINJA RABBIT PINK,167
90114,SUMMER DAISIES BAG CHARM,167
23520,EMBROIDERED RIBBON REEL RUBY ,167
21263,GREEN GOOSE FEATHER TREE 60CM,167
84813,SET OF 4 DIAMOND NAPKIN RINGS,166
20823,GOLD WINE GOBLET,164
23420,PANTRY HOOK TEA STRAINER ,164
23440,PAINT YOUR OWN EGGS IN CRATE,164
22443,GROW YOUR OWN HERBS SET OF 3,164
23544,WALL ART MID CENTURY MODERN ,164
85214,TUB 24 PINK FLOWER PEGS,164
21368,MIRRORED WALL ART LADIES,163
35968,FOLK ART METAL HEART T-LIGHT HOLDER,163
71495B,CD WALL TIDY RED FLOWERS,163
22797,CHEST OF DRAWERS GINGHAM HEART ,163
37479P,CUBIC MUG FLOCK PINK ON BROWN,163
84923,PINK BUTTERFLY HANDBAG W BOBBLES,162
35815P,"ACRYLIC JEWEL SNOWFLAKE, PINK",162
22832,BROCANTE SHELF WITH HOOKS,162
85114c,RED ENCHANTED FOREST PLACEMAT,162
21319,GLASS CHALICE GREEN  SMALL ,161
85125,SMALL ROUND CUT GLASS CANDLESTICK,161
46776B,WOVEN BERRIES CUSHION COVER ,161
23070,EDWARDIAN HEART PHOTO FRAME,160
21707,FOLDING UMBRELLA BLACKBLUE POLKADOT,160
23421,PANTRY HOOK SPATULA,160
72349b,SET/6 PURPLE BUTTERFLY T-LIGHTS,159
79191B,RETRO PLASTIC POLKA TRAY,159
37467,PIG MUG IN TWO COLOUR DESIGNS,159
21973,SET OF 36 MUSHROOM PAPER DOILIES,159
21316,SMALL CHUNKY GLASS ROMAN  BOWL,159
20758,ABSTRACT CIRCLES POCKET BOOK,159
47343A,FUSCHIA FLOWER PURSE WITH BEADS,159
22391,PAPERWEIGHT HOME SWEET HOME,158
23447,PINK BUNNY EASTER EGG BASKET,158
20734,SILVER MINI TAPE MEASURE ,158
21815,STAR  T-LIGHT HOLDER ,158
20659,ECONOMY LUGGAGE TAG,158
20757,RED DAISY POCKET BOOK ,158
23456,MEDIUM PARLOUR PICTURE FRAME ,158
23446,BLUE BUNNY EASTER EGG BASKET,157
84968D,SET OF 16 VINTAGE RED CUTLERY,157
84912A,PINK ROSE WASHBAG,156
46776A,WOVEN BUBBLE GUM CUSHION COVER,155
17014A,ORIGAMI VANILLA INCENSE CONES,155
40003,WHITE BAMBOO RIBS LAMPSHADE,155
84531B,BLUE KNITTED EGG COSY,155
23115,RED APPLES CHOPPING BOARD   ,152
20654,FIRST CLASS LUGGAGE TAG ,152
79144C,PAINTED LIGHTBULB RAINBOW DESIGN,152
22108,PING! MICROWAVE PLATE,152
22395,PAPERWEIGHT VINTAGE PAISLEY,152
23094,LE GRAND TRAY CHIC SET,152
22513,DOORSTOP FOOTBALL DESIGN,152
35810B,ENAMEL BLUE RIM COFFEE CONTAINER,152
23540,WALL ART THE MAGIC FOREST ,150
35653,VINTAGE BEAD NOTEBOOK,150
85095,THREE CANVAS LUGGAGE TAGS,150
23114,VINTAGE LEAF CHOPPING BOARD  ,149
85211,S/4 GROOVY CAT MAGNETS,149
22282,12 EGG HOUSE PAINTED WOOD,149
22124,SET OF 2 TEA TOWELS PING MICROWAVE,149
22289,HANGING METAL CHICKEN DECORATION,148
21468,BUTTERFLY CROCHET FOOD COVER,148
20618,QUEEN OF THE SKIES PASSPORT COVER ,148
23150,IVORY SWEETHEART SOAP DISH,148
21741,COSY SLIPPER SHOES LARGE GREEN,147
84531A,PINK KNITTED EGG COSY,147
85118,HEART T-LIGHT HOLDER,146
85086A,CANDY SPOT HEART DECORATION,146
23417,BATHROOM HOOK,146
84766,SILVER ROCOCO CANDLE STICK,146
22408,MONEY BOX CONFECTIONERY DESIGN,145
72801C,4 ROSE PINK DINNER CANDLES,145
84877B,GREEN ROUND COMPACT MIRROR,144
84952C,MIRROR LOVE BIRD T-LIGHT HOLDER,144
79406,FROSTED WHITE BASE ,144
72799F,IVORY PILLAR CANDLE GOLD FLOCK,144
84584,PINK GINGHAM CAT WITH SCARF,144
21161,KEEP OUT BOYS DOOR HANGER ,143
22168,ORGANISER WOOD ANTIQUE WHITE ,143
85103,SILVER T-LIGHT SETTING,143
23073,GEORGIAN TRINKET BOX,143
15030,FAN BLACK FRAME ,143
20705,MRS ROBOT SOFT TOY,143
C2,CARRIAGE,142
84678,CLASSICAL ROSE SMALL VASE,142
72800B, 4 PURPLE FLOCK DINNER CANDLES,142
21378,SMALL TALL CAMPHOR WOOD TOADSTOOL,142
20764,ABSTRACT CIRCLES SKETCHBOOK ,142
20837,FRENCH FLORAL CUSHION COVER ,141
21087,SET/6 POSIES PAPER CUPS,141
21851,LILAC DIAMANTE PEN IN GIFT BOX,141
23414,ZINC BOX SIGN HOME,141
84247E,PACK/12 XMAS FUN CARD,140
21348,PINK SPOTS CHOCOLATE NESTING BOXES ,140
20681,PINK POLKADOT CHILDRENS UMBRELLA,140
22641,SET OF 4 NAPKIN CHARMS INSTRUMENT,139
84199,GLOW IN DARK DOLPHINS,138
71406C,BLACK ORANGE SQUEEZER,138
85040B,SET/4 BLUE FLOWER CANDLES IN BOWL,137
84806A,PINK CANDYSTUFT ARTIFICIAL FLOWER,137
22447,PIN CUSHION BABUSHKA BLUE,137
72780,BLACK SILOUETTE CANDLE PLATE,137
23099,FRENCH CARRIAGE LANTERN,137
21555,CERAMIC STRAWBERRY TRINKET TRAY,137
20830,SILVER PHOTO FRAME,136
72131,COLUMBIAN CANDLE RECTANGLE,136
23136,IVORY WIRE SWEETHEART LETTER TRAY,135
20775,DAISY NOTEBOOK ,134
21253,SET OF PICTURE FRAME  STICKERS,134
47591d,PINK FAIRY CAKE CHILDRENS APRON,134
20702,PINK PADDED MOBILE,134
21709,FOLDING UMBRELLA CHOCOLATE POLKADOT,133
37501,TEA TIME TEA SET IN GIFT BOX,133
84931A,PINK SCOTTIE DOG W FLOWER PATTERN,133
23416,CHAMBRE HOOK,132
84510C,SET OF 4 POLKADOT COASTERS,132
84968E,SET OF 16 VINTAGE BLACK CUTLERY,132
84875B,GREEN SQUARE COMPACT MIRROR,131
22221,CAKE STAND LOVEBIRD 2 TIER PINK,131
21265,PINK GOOSE FEATHER TREE 60CM,131
22281,EASTER TREE YELLOW BIRDS,131
21030,SPACE CADET RED,131
37479B,CUBIC MUG FLOCK BLUE ON BROWN,131
22830,UTILTY CABINET WITH HOOKS,131
72051S,BAG OF SILVER STONES,130
90214A,"LETTER ""A"" BLING KEY RING",130
72800C,4 PINK DINNER CANDLE SILVER FLOCK,130
84509C,SET OF 4 POLKADOT PLACEMATS ,130
84859A,SILVER DISCO HANDBAG,129
21850,BLUE  DIAMANTE PEN IN GIFT BOX,129
21359,RELAX LARGE WOOD LETTERS,129
84247L,FAWN AND MUSHROOM GREETING CARD,128
84876D,BLUE HEART COMPACT MIRROR,128
71496A,A4 WALL TIDY BLUE OFFICE,127
35004G,SET OF 3 GOLD FLYING DUCKS,127
84800M,MEDIUM WHITE/PINK ROSE ART FLOWER,127
21651,HANGING GLASS ETCHED TEALIGHT,127
15056n,EDWARDIAN PARASOL NATURAL,127
84313B,BLUE TV TRAY TABLE ,127
84251C,"GREETING CARD, TWO SISTERS.",127
84457,SET/3 RABBITS FLOWER SKIPPPING ROPE,126
21002,ROSE DU SUD DRAWSTRING BAG,125
21678,PAISLEY PATTERN  STICKERS,125
21826,EIGHT PIECE DINOSAUR SET,125
22526,WHEELBARROW FOR CHILDREN ,125
21633,SUNFLOWER DECORATIVE PARASOL,125
21095,SET/6 POSIES PAPER PLATES,125
21457,2 PICTURE BOOK EGGS EASTER DUCKS,124
84218,BOX/12 CHICK & EGG IN BASKET,123
22786,CUSHION COVER PINK UNION JACK,123
21472,LADYBIRD + BEE RAFFIA FOOD COVER,123
22512,DOORSTOP RACING CAR DESIGN,122
90030B,RED KUKUI COCONUT SEED NECKLACE,122
82001s,VINYL RECORD FRAME SILVER,122
21145,ANTIQUE GLASS PLACE SETTING,122
23180,MUM'S KITCHEN CLOCK,122
85205B,PINK FELT EASTER RABBIT GARLAND,122
20766,GARDEN PATH SKETCHBOOK,122
21377,SMALL CAMPHOR WOOD FIELD  MUSHROOM,121
23142,IVORY WIRE KITCHEN ORGANISER,121
23021,GLASS BONNE JAM JAR,120
85141,JARDIN ETCHED GLASS FRUITBOWL,120
20761,BLUE PAISLEY SKETCHBOOK,120
21943,CAKES AND RABBITS DESIGN FLANNEL ,119
85129B,BEADED CRYSTAL HEART GREEN SMALL,119
35911B,PINK/FLOWER RABBIT EGG WARMER ,119
23045,PAPER LANTERN 5 POINT STAR MOON 30,118
23104,IVORY PANTRY HANGING LAMP ,118
46776C,WOVEN FROST CUSHION COVER,117
84637,KITCHEN FLOWER POTS WALL PLAQUE,116
21293,MIRRORED DOVE WALL DECORATION,116
81950B,FLOWER BLUE CLOCK WITH SUCKER,116
23580,SNACK TRAY HAPPY FOREST  ,116
90125A,PINK BERTIE GLASS BEAD BAG CHARM,115
84661B,BLACK SQUARE TABLE CLOCK,115
84920,PINK FLOWER FABRIC PONY,115
21911,GARDEN METAL SIGN ,114
85049g,CHOCOLATE BOX RIBBONS ,113
23479,WIRE EGG BASKET ,113
23496,PANTRY KITCHEN THERMOMETER ,112
23457,LARGE PARLOUR PICTURE FRAME,112
47367B,PAIR PADDED HANGERS PINK CHECK,112
84823,DANISH ROSE FOLDING CHAIR,112
20902,VINTAGE KEEPSAKE BOX PARIS DAYS,112
23537,I LOVE LONDON WALL ART,111
84192,ASSORTED COLOUR METAL CAT ,111
21317,GLASS SPHERE CANDLE STAND MEDIUM,111
84744,S/6 SEW ON CROCHET FLOWERS,110
21117,BLOND DOLL DOORSTOP,109
85049e,SCANDINAVIAN REDS RIBBONS,109
21637,ASSORTED SANSKRIT MINI NOTEBOOK,109
17090A,LAVENDER INCENSE 40 CONES IN TIN,109
47594A,CAROUSEL DESIGN WASHBAG,108
23460,SWEETHEART WALL TIDY ,108
22882,NUMBER TILE VINTAGE FONT 3,108
84231,EASTER BUNNY WITH BASKET ON BACK,108
21196,ROUND WHITE CONFETTI IN TUBE,108
84030e,ENGLISH ROSE HOT WATER BOTTLE,108
21647,ASSORTED TUTTI FRUTTI LARGE PURSE,107
84800S,SMALL WHITE/PINK ROSE ART FLOWER,107
20897,VINTAGE NOTEBOOK PARIS DAYS,107
46000U,POLYESTER FILLER PAD 30CMx30CM,107
90087,CRYSTAL SEA HORSE PHONE CHARM,107
90210D,PURPLE ACRYLIC FACETED BANGLE,107
21710,FOLDING UMBRELLA PINKWHITE POLKADOT,107
20762,GREEN FERN SKETCHBOOK ,106
85160B,BLACK BIRD GARDEN DESIGN MUG,106
21361,LOVE LARGE WOOD LETTERS ,106
21131,GOLD STANDING GNOME,106
84997a,GREEN 3 PIECE POLKADOT CUTLERY SET,106
85179C,PINK BITTY LIGHT CHAIN,106
85135C,RED DRAGONFLY HELICOPTER,106
35916C,PINK FELT HANGING HEART W FLOWER,106
62096A,PINK/YELLOW FLOWERS HANDBAG,106
84665,SQUARE CHERRY BLOSSOM CABINET,105
85023B,EAU DE NILE JEWELLED PHOTOFRAME,105
72134,COLUMBIAN  CUBE CANDLE ,105
84509a,SET OF 4 ENGLISH ROSE PLACEMATS,104
21711,FOLDING UMBRELLA WHITE/RED POLKADOT,104
84661A,WHITE SQUARE TABLE CLOCK,104
21351,CINAMMON & ORANGE WREATH,104
46000R,POLYESTER FILLER PAD 45x30cm,103
71495A,CD WALL TIDY BLUE OFFICE,103
35241,ENAMEL BLUE RIM BISCUIT BIN,103
47559b,TEA TIME OVEN GLOVE,103
90200E,GREEN SWEETHEART BRACELET,103
23042,PAPER LANTERN 7 POINT SNOW STAR,103
22987,WRAP SUMMER ROSE DESIGN,102
22881,NUMBER TILE VINTAGE FONT 2,102
20765,CHRYSANTHEMUM SKETCHBOOK ,102
20771,CHRYSANTHEMUM  JOURNAL,102
90086,CRYSTAL FROG PHONE CHARM,102
23044,PAPER LANTERN 9 POINT HOLLY STAR S,101
21369,MIRRORED WALL ART SPLODGES,101
22883,NUMBER TILE VINTAGE FONT 4,100
20936,FORKED CACTUS CANDLE,100
47503H,ASS FLORAL PRINT SPIRIT LEVEL ,100
23149,ANTIQUE IVORY WIRE BOWL SMALL,99
22503,CABIN BAG VINTAGE PAISLEY,99
20794,BLUE  TILE HOOK,99
90210C,RED   ACRYLIC FACETED BANGLE,99
84804B,BLUE DELPHINIUM ARTIFICIAL FLOWER,99
22884,NUMBER TILE VINTAGE FONT 5,99
84857C,PINK MONTE CARLO HANDBAG,98
21664,RIDGED GLASS STORAGE JAR CREAM LID,98
16043,POP ART PUSH DOWN RUBBER ,98
21722,SWEET PUDDING STICKER SHEET,98
47348A,FUSCHIA VOILE POINTY SHOE DEC,97
21032,SPACE CADET WHITE,97
22880,NUMBER TILE VINTAGE FONT 1,97
20699,MOUSEY LONG LEGS SOFT TOY,97
21000,ROSE DU SUD COSMETICS BAG,96
35607B,BLACK FEATHER CHRISTMAS DECORATION,96
21427,SKULLS STORAGE BOX SMALL,96
35972,DAISY FOLKART HEART DECORATION,96
22885,NUMBER TILE VINTAGE FONT 6 ,96
84563A,PINK & WHITE BREAKFAST TRAY,96
22869,NUMBER TILE COTTAGE GARDEN 1,96
84877D,BLUE ROUND COMPACT MIRROR,96
35819P,"ACRYLIC HANGING JEWEL,PINK",95
90125D,PURPLE BERTIE GLASS BEAD BAG CHARM,95
84707A,SILVER JEWELLED MIRROR TRINKET TRAY,95
21689,SILVER VANILLA  FLOWER CANDLE POT,95
21250,SET OF SKULL WALL STICKERS,95
79403,FROSTED WHITE BASE ,95
90214L,"LETTER ""L"" BLING KEY RING",94
84563B,BLUE & WHITE BREAKFAST TRAY,94
90214S,"LETTER ""S"" BLING KEY RING",94
85124C,GREEN JUICY FRUIT PHOTO FRAME,94
22407,MONEY BOX FIRST ADE DESIGN,94
22770,MIRROR CORNICE,94
85124B,BLUE JUICY FRUIT PHOTO FRAME,93
90200B,BLACK SWEETHEART BRACELET,93
22870,NUMBER TILE COTTAGE GARDEN 2,93
75172,PAINTED SEA SHELL METAL WINDCHIME,93
20617,FIRST CLASS PASSPORT COVER ,93
21226,POCKET MIRROR WOODLAND,93
84609,TALL ROCOCO CANDLE HOLDER,93
23117,POPPY FIELDS CHOPPING BOARD,93
84673A,PINK FLY SWAT,92
20731,POSY CANDY BAG,92
84952A,CLEAR LOVE BIRD T-LIGHT HOLDER,92
23477,WOODLAND LARGE BLUE FELT HEART,92
35001W,HAND OPEN SHAPE DECO.WHITE,92
35916B,BLUE FELT HANGING HEART W FLOWER,91
84509E,SET OF 4 CAROUSEL PLACEMATS ,91
90214C,"LETTER ""C"" BLING KEY RING",91
21750,LARGE SKULL WINDMILL,90
85198,ASSORTED FARMYARD ANIMALS IN BUCKET,90
46776D,WOVEN SUNSET CUSHION COVER ,89
21366,MIRRORED WALL ART PHOTO FRAMES,89
21632,VINTAGE PINK DECORATIVE PARASOL,88
23069,EDWARDIAN PHOTO FRAME,88
20827,GOLD APERITIF GLASS,88
62086A,PINK RETRO BIG FLOWER BAG,88
21082,SET/20 FRUIT SALAD PAPER NAPKINS ,88
22802,FAUX FUR CHOCOLATE THROW,87
35916A,YELLOW FELT HANGING HEART W FLOWER,87
72800D,4 BLUE DINNER CANDLES SILVER FLOCK,87
15056bl,EDWARDIAN PARASOL BLACK,87
21425,SKULLS STORAGE BOX LARGE,87
22886,NUMBER TILE VINTAGE FONT 7,87
21946,PARTY TIME DESIGN FLANNEL,86
47351B,BLUE  VOILE LAMPSHADE,86
20774,GREEN FERN NOTEBOOK,86
21662,VINTAGE GLASS COFFEE CADDY,86
90201B,BLACK ENAMEL FLOWER RING,86
90170,DAISY HAIR BAND,85
85020,ROUND PINK HEART MIRROR,85
21279,VINTAGE KITCHEN PRINT FRUITS,85
84569B,PACK 3 FIRE ENGINE/CAR PATCHES,85
85163B,BLACK BAROQUE WALL CLOCK ,84
90209A,PURPLE ENAMEL+GLASS HAIR COMB,84
84859C,PINK DISCO HANDBAG,84
16020C,CLEAR STATIONERY BOX SET ,84
90161C,ANT COPPER LIME BOUDICCA BRACELET,83
90119,METALIC LEAVES BAG CHARMS,83
23137,ZINC WIRE SWEETHEART LETTER TRAY,83
20903,VINTAGE KEEPSAKE BOX TRAVELOGUE,82
22137,BATHROOM SET LOVE HEART DESIGN,82
23305,SET 4 PICNIC CUTLERY BLUEBERRY,82
72799C,PINK PILLAR CANDLE SILVER FLOCK,81
84687,BEACH HUT SHELF W 3 DRAWERS,81
23043,PAPER LANTERN 9 POINT HOLLY STAR 40,81
21324,HANGING MEDINA LANTERN SMALL,81
23019,SMALL APOTHECARY MEASURING JAR ,81
84924A,WAKE UP COCKEREL CALENDAR SIGN ,81
17011F,ORIGAMI SANDLEWOOD INCENSE+FLOWER,81
21736,GOLD SCROLL GLASS T-LIGHT HOLDER,80
20769,DAISY JOURNAL ,80
85129C,BEADED CRYSTAL HEART BLUE SMALL,80
23462,ROCOCO WALL MIRROR WHITE,80
20684,STRAWBERRY DREAM CHILDS UMBRELLA,80
23487,SWEET HEART CAKE CARRIER,80
23141,TRIPLE WIRE HOOK PINK HEART,79
21307,SET/4 BUTTERFLY MIRROR MAGNETS,79
85026B,EAU DE NILE JEWELLED T-LIGHT HOLDER,79
20980,36 PENCILS TUBE POSY,79
23444,Next Day Carriage,79
21547,CERAMIC BIRDHOUSE CRESTED TIT SMALL,79
84925F,PSYCHEDELIC WALL THERMOMETER,79
37423,WHITE WITH BLACK CATS PLATE,78
22164,STRING OF STARS CARD HOLDER,78
90214K,"LETTER ""K"" BLING KEY RING",78
22887,NUMBER TILE VINTAGE FONT 8,78
21003,ROSE DU SUD CUSHION COVER,78
84360,TABLE LAMP WHITE SHADE WOOD BASE,78
35816P,"ACRYLIC JEWEL ANGEL,PINK",78
85232A,SET/3 POLKADOT STACKING TINS,78
21157,RED RETROSPOT WASHBAG,78
90200A,PURPLE SWEETHEART BRACELET,78
85188B,PINK METAL SWINGING BUNNY,78
84595E,LARGE TORTILLA DESIGN RED BOWL,78
90030C,BROWN KUKUI COCONUT SEED NECKLACE,77
90201D,GREEN ENAMEL FLOWER RING,77
90125C,TURQUOISE BERTIE GLASS BEAD CHARM,77
21038,SET/4 MODERN VINTAGE COTTON NAPKINS,77
85130A,BEADED PEARL HEART WHITE LARGE,77
23428,IVORY RETRO KITCHEN WALL CLOCK,77
84592,CROCHET ROSE PURSE WITH SUEDE BACK,76
90161B,ANT COPPER TURQ BOUDICCA BRACELET,76
21847,GREEN  DIAMANTE PEN IN GIFT BOX,76
23492,VINTAGE JINGLE BELLS WREATH,76
22833,HALL CABINET WITH 3 DRAWERS,76
23116,VEGETABLE GARDEN CHOPPING BOARD,76
21459,YELLOW EASTER EGG HUNT START POST,76
71403,"PINK/WHITE ""KEEP CLEAN"" BULLET BIN",76
22888,NUMBER TILE VINTAGE FONT 9 ,76
22878,NUMBER TILE COTTAGE GARDEN No,75
21372,MIRRORED WALL ART TABLE LAMP,75
72801d,4 SKY BLUE DINNER CANDLES,75
72801D,4 SKY BLUE DINNER CANDLES,75
90198A,VINTAGE ROSE BEAD BRACELET RASPBERR,75
21418,STARFISH SOAP DISH,74
21814,HEART T-LIGHT HOLDER ,74
23016,GLASS TWIST BON BON JAR,74
84452,METAL RABBIT LADDER EASTER ,74
20657,TROPICAL LUGGAGE TAG,73
20653,CHERRY BLOSSOM LUGGAGE TAG,73
21001,ROSE DU SUD WASHBAG ,73
20700,GREEN CAT FLORAL CUSHION COVER ,73
20763,DAISY SKETCHBOOK ,73
22825,DECORATIVE PLANT POT WITH FRIEZE,73
21841,BABY MOUSE RED GINGHAM DRESS,73
90030A,SPOTTED WHITE NATURAL SEED NECKLACE,72
35920,FOUR RABBIT EASTER DECORATIONS,72
90214E,"LETTER ""E"" BLING KEY RING",72
17001,HEAVENS SCENT FRAGRANCE OILS ASSTD,72
72024U,LILAC VOTIVE CANDLE,72
37343,POLKADOT MUG PINK ,72
22872,NUMBER TILE COTTAGE GARDEN 4,72
22486,PLASMATRONIC LAMP,71
84661C,PINK SQUARE TABLE CLOCK,71
82613A,"METAL SIGN,CUPCAKE SINGLE HOOK",71
85136A,YELLOW SHARK HELICOPTER,71
23304,SET 4 PICNIC CUTLERY CHERRY ,71
90214J,"LETTER ""J"" BLING KEY RING",71
21629,SQUARE FLOOR CUSHION VINTAGE RED,71
21054,NURSE'S BAG SOFT TOY,70
22879,NUMBER TILE VINTAGE FONT 0,70
85027L,FRENCH CHATEAU LARGE PLATTER ,70
84804A,CREAM DELPHINIUM ARTIFICIAL FLOWER,70
37475,SET/4 COLOURFUL MIXING BOWLS,70
90108,BLUE BLOSSOM HAIR CLIP,70
20760,GARDEN PATH POCKET BOOK,69
22618,COOKING SET RETROSPOT,69
22275,WEEKEND BAG VINTAGE ROSE PAISLEY,69
21630,FLOOR CUSHION ELEPHANT CARNIVAL,69
90201A,PURPLE ENAMEL FLOWER RING,69
21488,RED WHITE SCARF  HOT WATER BOTTLE,69
21128,GOLD FISHING GNOME,68
37487B,YELLOW/ORANGE FLOWER DESIGN PLATE,68
90214D,"LETTER ""D"" BLING KEY RING",68
82095,HEART BUTTONS JEWELLERY BOX,68
35921,EASTER BUNNY HANGING GARLAND,68
20934,SET/3 POT PLANT CANDLES,68
23017,APOTHECARY MEASURING JAR,67
20835,FRENCH LATTICE CUSHION COVER ,67
22871,NUMBER TILE COTTAGE GARDEN 3 ,67
46776E,WOVEN CANDY CUSHION COVER ,67
84576,BLUE CAT BISCUIT BARREL PINK HEART,66
90214Y,"LETTER ""Y"" BLING KEY RING",66
85163A,WHITE BAROQUE WALL CLOCK ,66
84507C,BLUE CIRCLES DESIGN MONKEY DOLL,66
22194,BLACK DINER WALL CLOCK,66
23471,SIX DRAWER OFFICE TIDY,65
21280,VINTAGE KITCHEN PRINT VEGETABLES,65
22874,NUMBER TILE COTTAGE GARDEN 6,65
21100,CHARLIE AND LOLA CHARLOTTE BAG,65
16046,TEATIME PEN CASE & PENS,65
23303,SET 4 PICNIC CUTLERY FONDANT,65
85135B,BLUE DRAGONFLY HELICOPTER,65
90116,FRUIT SALAD BAG CHARM,64
90161D,ANT COPPER PINK BOUDICCA BRACELET,64
20941,FROG CANDLE,64
20759,CHRYSANTHEMUM POCKET BOOK ,64
22202,MILK PAN PINK POLKADOT,64
20819,SILVER TEDDY BEAR,64
37468,HARDMAN MUG 3 ASSORTED,64
90201C,RED ENAMEL FLOWER RING,63
20756,GREEN FERN POCKET BOOK,63
22868,NUMBER TILE COTTAGE GARDEN 0 ,63
22875,NUMBER TILE COTTAGE GARDEN 7,63
22877,NUMBER TILE COTTAGE GARDEN 9,63
21627,ELEPHANT CARNIVAL POUFFE,63
21628,TRIANGULAR POUFFE VINTAGE ,63
20796,SMALL BLUE PROVENCAL CERAMIC BALL,62
84708B,PINK JEWELLED PHOTO FRAME ,62
22876,NUMBER TILE COTTAGE GARDEN 8,61
17109D,FLOWER FAIRY INCENSE BOUQUET,61
23151,ZINC SWEETHEART SOAP DISH,61
84402B,PURPLE DRESS JEWELLERY STAND,61
84796A,PINK HAWAIIAN PICNIC HAMPER FOR 2,61
84750B,BLACK SMALL GLASS CAKE STAND,61
22655,VINTAGE RED KITCHEN CABINET,60
90214G,"LETTER ""G"" BLING KEY RING",60
23578,SNACK TRAY RED GINGHAM,60
84741C,CITRUS GARLAND FELT FLOWERS ,60
22873,NUMBER TILE COTTAGE GARDEN 5,60
16207A,PINK STRAWBERRY HANDBAG ,60
90214M,"LETTER ""M"" BLING KEY RING",60
22353,LUNCH BOX WITH CUTLERY FAIRY CAKES ,60
46775D,SUNSET COLOUR CHUNKY KNITTED THROW,60
84927E,FLOWERS TILE HOOK,59
20997,ROSE DU SUD CUSHION COVER ,59
23047,PAPER LANTERN 5 POINT SEQUIN STAR,58
23472, NINE DRAWER OFFICE TIDY,58
84993B,75 BLACK PETIT FOUR CASES,58
84919,BLUE CUSHION COVER WITH FLOWER,58
22826,LOVE SEAT ANTIQUE WHITE METAL,58
35638B,PINK/BLUE STRING CURTAIN ,57
21720,CAKE SHOP  STICKER SHEET,57
90154,LAZER CUT NECKLACE W PASTEL BEADS,57
90129B,TURQUOISE GLASS TASSLE BAG CHARM ,57
21784,SHOE SHINE BOX ,57
35649,VINTAGE BEAD COSMETIC BAG ,57
84658,WHITE STITCHED CUSHION COVER,57
20748,KENSINGTON COFFEE SET,57
20773,BLUE PAISLEY NOTEBOOK,56
84508B,STRIPES DESIGN TEDDY,56
84508C,BLUE CIRCLES DESIGN TEDDY,56
22184,CAKE STAND VICTORIAN FILIGREE LARGE,56
84846A,SCENTED CANDLE IN DIGITALIS TIN,56
21333,CLASSIC WHITE FRAME,56
23466,TUSCAN VILLA DOVECOTE,55
84809A,WHITE CHRYSANTHEMUMS ART FLOWER,55
85216,ASSORTED CAKES FRIDGE MAGNETS,55
85006,SET 4 NURSERY DES ROUND BOXES,55
22824,3 TIER SWEETHEART GARDEN SHELF,55
90134,OLD ROSE COMBO BEAD NECKLACE,54
90160C,TURQ+RED BOUDICCA LARGE BRACELET,54
20696,FLORAL SOFT CAR TOY,54
84429A,MEDIUM PINK BUDDHA HEAD ,54
85049B,LUSH GREENS RIBBONS,54
90115,SUMMER BUTTERFLIES BAG CHARM,54
22803,IVORY EMBROIDERED QUILT ,54
84534B,FAIRY CAKE NOTEBOOK A5 SIZE,53
90149,SILVER FLOWR PINK SHELL NECKLACE,53
20782,CAMOUFLAGE EAR MUFF HEADPHONES,53
84600,NEW BAROQUE JEWELLERY BOX ,53
90208,PAIR OF PINK FLOWER CLUSTER SLIDE,53
72811,SMALL ZINC/GLASS CANDLEHOLDER,53
84510a,SET OF 4 ENGLISH ROSE COASTERS,53
21420,OYSTER TRINKET BOX,53
37444A,YELLOW BREAKFAST CUP AND SAUCER,53
44242B,PINK FEATHERS CURTAIN,52
21129,SILVER FISHING GNOME ,52
18098c,PORCELAIN BUTTERFLY OIL BURNER,52
46126A,ELVIS WALLHANGING / CURTAIN,52
47013C,WINE BOTTLE DRESSING DARK BLUE,52
84527,FLAMES SUNGLASSES PINK LENSES,52
71510,SQUARE METAL CANDLEHOLDER BASE,52
44236,PINK/PURPLE CIRCLE CURTAIN,52
85136C,RED SHARK HELICOPTER,52
90013A,MIDNIGHT BLUE VINTAGE EARRINGS,52
90093,CLEAR CRYSTAL STAR PHONE CHARM,52
21031,SPACE CADET BLACK,52
79062D,"RETRO TIN ASHTRAY,REVOLUTIONARY",52
20847,ZINC HEART LATTICE CHARGER LARGE,52
90120C,GREEN MURANO TWIST BRACELET,51
85168B,BLACK BAROQUE CARRIAGE CLOCK,51
84875D,BLUE SQUARE COMPACT MIRROR,51
23458,DOLLY CABINET 3 DRAWERS ,51
82011C,BATHROOM SCALES FOOTPRINTS IN SAND,51
21614,SET OF 12 ROSE BOTANICAL T-LIGHTS,51
23018,LARGE APOTHECARY MEASURING JAR ,51
84226,HEN HOUSE W FAMILY IN BARN & NEST,51
21270,ANTIQUE CREAM CUTLERY CUPBOARD,50
40046A,RED DAISY PAPER LAMPSHADE,50
90031,BILI NUT AND WOOD NECKLACE,50
21758,VINTAGE SHELLS PRINT,50
23692,WRAP A PRETTY THANK YOU,50
85167B,BLACK GRAND BAROQUE PHOTO FRAME,50
21904,HOUSE WRECKING METAL SIGN ,50
90200C,BLUE SWEETHEART BRACELET,50
84927A,WAKE UP COCKEREL TILE HOOK,50
16169P,WRAP GREEN RUSSIAN FOLKART ,50
84638,SMALL KITCHEN FLOWER POTS PLAQUE,50
85114a,BLACK ENCHANTED FOREST PLACEMAT,49
35833P,4 PINK FLOCK CHRISTMAS BALLS,49
84686,BEACH HUT MIRROR,49
20795,LARGE BLUE PROVENCAL CERAMIC BALL,49
85017C,ENVELOPE 50 CURIOUS IMAGES,49
16151A,FLOWERS HANDBAG blue and orange,49
21413,PERIWINKLE T-LIGHT HOLDER,48
90214H,"LETTER ""H"" BLING KEY RING",48
DCGSSGIRL,GIRLS PARTY BAG,47
DCGSSBOY,BOYS PARTY BAG,47
84927D,LA PALMIERA TILE HOOK,47
20780,BLACK EAR MUFF HEADPHONES,47
23429,RED RETRO KITCHEN WALL CLOCK,47
84870C,GREEN GEISHA GIRL ,46
85099f,JUMBO BAG STRAWBERRY,46
90018A,SILVER M.O.P ORBIT DROP EARRINGS,46
84898F,YELLOW FLOWERS FELT HANDBAG KIT,46
21738,COSY SLIPPER SHOES SMALL  RED ,46
84801A,PINK HYDRANGEA ART FLOWER,46
84466,TOP SECRET PEN SET,46
84597C,RETRO PINK BALL ASHTRAY ,46
35597D,PINK/WHITE CHRISTMAS TREE 30CM,46
90096,NECKLACE+BRACELET SET BLUE BLOSSOM,45
90158,ST TROPEZ NECKLACE,45
85146,JARDIN ETCHED GLASS SMALL BELL JAR,45
72801G,4 BURGUNDY WINE DINNER CANDLES,45
72133,COLUMBIAN CANDLE RECTANGLE,45
90129A,PINK GLASS TASSLE BAG CHARM ,45
90206C,CRYSTAL DIAMANTE STAR BROOCH,45
90059A,DIAMANTE HAIR GRIP PACK/2 CRYSTAL,45
85055,FRENCH ENAMEL UTENSIL HOLDER,45
47341B,BLUE TABLE RUN FLOWER,45
90071,RUBY GLASS CLUSTER EARRINGS,44
84870B,BLUE GEISHA GIRL ,44
17012E,ORIGAMI OPIUM INCENSE/CANDLE SET ,44
47344B,BLUE FLOWER DES PURSE,44
23038,T-LIGHT HOLDER SILVER SAUCER,44
20661,BLUE POLKADOT PURSE ,44
21132,SILVER STANDING GNOME   ,44
72709,IVORY SCULPTED RND CANDLE ,44
90062,CARNIVAL BRACELET,44
46138B,BLUE CHENILLE SHAGGY CUSHION COVER ,43
20694,FLORAL PINK MONSTER,43
84760S,SMALL HANGING GLASS+ZINC LANTERN,43
84509c,SET OF 4 POLKADOT PLACEMATS ,43
21281,VINTAGE KITCHEN PRINT SEAFOOD,43
23626,SET 10 CARDS DINKY TREE 17076,43
82011B,BATHROOM SCALES RUBBER DUCKS,43
84989a,75 GREEN FAIRY CAKE CASES,42
90129E,PURPLE GLASS TASSLE BAG CHARM,42
85045,GREEN CHRISTMAS TREE STRING 20LIGHT,42
90192,JADE DROP EARRINGS W FILIGREE,42
84874B,BLUE TRAVEL FIRST AID KIT,41
84985A,SET OF 72 GREEN PAPER DOILIES,41
90210B,CLEAR ACRYLIC FACETED BANGLE,41
84597B,RETRO BROWN BALL ASHTRAY ,41
21375,LARGE CAMPHOR WOOD FIELD MUSHROOM ,41
84461,12 PINK HEN+CHICKS IN BASKET,41
84725,FREESTYLE CANVAS ART PICTURE,41
84723,CHERRY BLOSSOM CANVAS ART PICTURE,41
21476,STEEL SWEETHEART ROUND TABLE CREAM,41
84688,BEACH HUT DESIGN BLACKBOARD,41
90214R,"LETTER ""R"" BLING KEY RING",41
90214N,"LETTER ""N"" BLING KEY RING",41
23442,12 HANGING EGGS HAND PAINTED,40
84510c,SET OF 4 POLKADOT COASTERS,40
16254,TRANSPARENT ACRYLIC TAPE DISPENSER,40
37489D,PINK/GREEN FLOWER DESIGN BIG MUG,40
84877A,PINK ROUND COMPACT MIRROR,40
23015,CORDIAL GLASS JUG,40
84872A,TEATIME FUNKY FLOWER BACKPACK FOR 2,40
90183A,AMBER DROP EARRINGS W LONG BEADS,40
90129F,RED GLASS TASSLE BAG CHARM,40
23611,SET 10 CARDS RED RIDING HOOD 17214,40
84631,FRUIT TREE AND BIRDS WALL PLAQUE,40
85039a,SET/4 RED MINI ROSE CANDLE IN BOWL,40
21360,JOY LARGE WOOD LETTERS,39
72801c,4 ROSE PINK DINNER CANDLES,39
84974,S/2 ZINC HEART DESIGN PLANTERS,39
84507B,STRIPES DESIGN MONKEY DOLL,39
90120B,BLUE MURANO TWIST BRACELET,39
90214P,"LETTER ""P"" BLING KEY RING",39
90101,WHITE FRANGIPANI NECKLACE,39
90130B,TURQ STONE/CRYSTAL EARRINGS,39
90013C,GREEN VINTAGE EARRINGS ,39
90160D,PINK BOUDICCA LARGE BRACELET,38
90164B,WHITE  ROSEBUD PEARL BRACELET,38
90019A,SILVER M.O.P ORBIT BRACELET,38
78033,FLAG OF ST GEORGE CHAIR,38
84882,GREEN WIRE STANDING CANDLE HOLDER,38
90174,BUTTERFLY HAIR BAND,38
90160A,PURPLE BOUDICCA LARGE BRACELET,38
20898,VINTAGE NOTEBOOK TRAVELOGUE,38
90214I,"LETTER ""I"" BLING KEY RING",38
84805B,BLUE CLIMBING HYDRANGA ART FLOWER,38
84884a,ANT WHITE WIRE HEART SPIRAL,38
84549,CROCHET WHITE RABBIT KEYRING ,38
35638A,PINK AND BLACK STRING CURTAIN,38
90214B,"LETTER ""B"" BLING KEY RING",37
85145,JARDIN ETCHED GLASS LARGE BELL JAR,37
37476,CONDIMENT TRAY 4 BOWLS AND 4 SPOONS,37
44228,CANNABIS LEAF BEAD CURTAIN,36
21655,HANGING RIDGE GLASS T-LIGHT HOLDER,36
21910,WAY OUT METAL SIGN ,36
90198B,VINTAGE ROSE BEAD BRACELET BLACK,36
37462E,"PET MUG, GOLDFISH",36
82615,PINK MARSHMALLOW SCARF KNITTING KIT,36
35913B,WHITE/PINK CHICK EASTER DECORATION,36
20798,CLEAR MILKSHAKE GLASS,36
23430,BLUE RETRO KITCHEN WALL CLOCK,36
23410,CURIO CABINET LINEN AND LACE ,36
21486,PINK HEART DOTS HOT WATER BOTTLE,36
90013B,BLACK VINTAGE EARRINGS,36
85114b,IVORY ENCHANTED FOREST PLACEMAT,36
22761,CHEST 7 DRAWER MA CAMPAGNE,36
79336,LIGHT PINK FLOCK GLASS CANDLEHOLDER,36
47369B,BLUE GREEN EMBROIDERY COSMETIC BAG,35
22827,RUSTIC  SEVENTEEN DRAWER SIDEBOARD,35
90129C,GREEN GLASS TASSLE BAG CHARM,35
21686,MEDINA STAMPED METAL STOOL,35
84906,PINK B'FLY C/COVER W BOBBLES,35
84905,PINK BUTTERFLY CUSHION COVER ,35
90197B,BLACK GLASS BRACELET W HEART CHARMS,35
90185D,CRYSTAL DIAMANTE EXPANDABLE RING,35
79191D,RETRO PLASTIC DAISY TRAY,35
20781,GOLD EAR MUFF HEADPHONES,35
85161,ACRYLIC GEOMETRIC LAMP,35
84685,BEACH HUT KEY CABINET,34
90085,CRYSTAL STILETTO PHONE CHARM,34
21392,RED POLKADOT PUDDING BOWL,34
84352,SILVER CHRISTMAS TREE BAUBLE STAND ,34
72812,LARGE ZINC GLASS CANDLEHOLDER,34
84707B,PINK JEWELLED MIRROR TRINKET TRAY,34
85197,SET OF 12 MINI BUNNIES IN A BUCKET,34
90210A,GREY ACRYLIC FACETED BANGLE,34
84510E,SET OF 4 GREEN CAROUSEL COASTERS,34
15056p,EDWARDIAN PARASOL PINK,33
71050,SMALL SINGLE FLAME CANDLE HOLDER,33
47593A,CAROUSEL PONIES BABY BIB,33
37489A,YELLOW/PINK FLOWER DESIGN BIG MUG,33
20894,HANGING BAUBLE T-LIGHT HOLDER LARGE,33
84358,FLOOR LAMP SHADE WOOD BASE,33
23459,DOLLY CABINET 2 DRAWERS ,33
47369A,PINK GREEN EMBROIDERY COSMETIC BAG,33
90184B,AMETHYST CHUNKY BEAD BRACELET W STR,33
21816,CHRISTMAS TREE T-LIGHT HOLDER,33
21376,LARGE  TALL CAMPHOR WOOD TOADSTOOL ,33
20664,TROPICAL HOLIDAY PURSE ,32
90003C,MIDNIGHT BLUE PAIR HEART HAIR SLIDE,32
23467,VINTAGE ZINC PLANTER  ,32
85040a,S/4 PINK FLOWER CANDLES IN BOWL,32
84805A,CREAM CLIMBING HYDRANGA ART FLOWER,32
90173,PAIR BUTTERFLY HAIR CLIPS,32
90147,CHUNKY SILVER NECKLACE PASTEL FLOWE,32
90143,SILVER BRACELET W PASTEL FLOWER,32
84993a,75 GREEN PETIT FOUR CASES,32
84745B,BLUE HANGING GINGHAM EASTER HEN,32
20857,BLUE ROSE PATCH PURSE PINK BUTTERFL,32
84745A,PINK HANGING GINGHAM EASTER HEN,32
37489B,BLUE/YELLOW FLOWER DESIGN BIG MUG,31
90185A,AMBER DIAMANTE EXPANDABLE RING,31
84859B,BLUE DISCO HANDBAG,31
90205A,LARGE MINT DIAMANTE HAIRSLIDE,31
35818B,"ACRYLIC JEWEL ICICLE, BLUE",31
72140E,BEST DAD CANDLE LETTERS,31
21278,VINTAGE KITCHEN PRINT PUDDINGS,31
20662,FIRST CLASS HOLIDAY PURSE ,31
16010,FOLDING CAMPING SCISSOR W/KNIF & S,30
90118,PINK DAISY BAG CHARM,30
84712B,PINK JEWELLED PHOTO FRAME,30
20666,ECONOMY HOLIDAY PURSE,30
22145,CHRISTMAS CRAFT HEART STOCKING ,30
72369A,PINK CLEAR GLASS CANDLE PLATE,30
90003D,CRYSTAL PAIR HEART HAIR SLIDES,30
21364,PEACE SMALL WOOD LETTERS,30
90082A,DIAMANTE BOW BROOCH GREEN COLOUR,30
23143,ZINC WIRE KITCHEN ORGANISER,30
90125B,AQUA BERTIE GLASS BEAD BAG CHARM,30
21657,MILK BOTTLE WITH GLASS STOPPER ,30
35637C,PINK STRING CURTAIN WITH POLE,30
90160B,RED BOUDICCA LARGE BRACELET,30
20960,WATERMELON BATH SPONGE,29
84907,PINK YELLOW PATCH CUSHION COVER,29
21393,BLUE POLKADOT PUDDING BOWL,29
84559a,3D SHEET OF DOG STICKERS,29
90103,PURPLE FRANGIPANI NECKLACE,29
90098,NECKLACE+BRACELET PINK BUTTERFLY,29
90205C,LARGE CRYSTAL DIAMANTE HAIRSLIDE,29
16207B,PINK HEART RED HANDBAG,29
23465,TUSCAN VILLA FEEDING STATION,29
37471,MULTICOLOUR POLKADOT PLATE,29
21269,ANTIQUE CREAM CUTLERY SHELF ,29
17090D,VANILLA INCENSE 40 CONES IN TIN,29
90204,PAIR OF ENAMEL BUTTERFLY HAIRCLIP,29
16202B,PASTEL BLUE PHOTO ALBUM ,29
90145,SILVER HOOP EARRINGS WITH FLOWER,28
21460,GREEN EASTER EGG HUNT START POST,28
35922,EASTER BUNNY WREATH,28
72132,COLUMBIAN CUBE CANDLE,28
16162M,THE KING GIFT BAG 25x24x12cm,28
81953P,ROUND ARTICULATED PINK CLOCK W/SUCK,28
37488A,YELLOW PINK FLOWER DESIGN BIG BOWL,28
90104,PURPLE FRANGIPANI HAIRCLIP,28
48189,DOORMAT FRIENDSHIP ,27
84016,FLAG OF ST GEORGE CAR FLAG,27
17165D,ASS COL LARGE SAND FROG P'WEIGHT,27
85092,CANDY SPOT TEA COSY,27
35966,FOLKART CHRISTMAS TREE T-LIGHT HOLD,27
90214F,"LETTER ""F"" BLING KEY RING",27
17164B,ASS COL SMALL SAND GECKO P'WEIGHT,27
22765,NEWSPAPER STAND,27
47341A,FUSCHIA TABLE RUN FLOWER ,27
90164A,PINK ROSEBUD PEARL BRACELET,27
90175A,WHITE GLASS CHUNKY CHARM BRACELET,27
90162B,ANT SILVER LIME GREEN BOUDICCA RING,27
21336,GOLD WASHBAG,27
21473,SWEETHEART CREAM STEEL TABLE RECT,27
90014A,SILVER/MOP ORBIT NECKLACE,27
84989A,75 GREEN FAIRY CAKE CASES,27
90073,VINTAGE ENAMEL & CRYSTAL EARRINGS,27
84865,NEW BAROQUE BLACK PHOTO ALBUM,27
90099,NECKLACE+BRACELET SET BLUE HIBISCUS,27
90177C,DROP DIAMANTE EARRINGS CRYSTAL,26
35607A,PINK FLUFFY CHRISTMAS DECORATION,26
90185C,BLACK DIAMANTE EXPANDABLE RING,26
90191,SILVER LARIAT 40CM,26
79331,PINK FLOCK GLASS CANDLEHOLDER,26
23614,SET 10 CARDS 12 DAYS WRAP  17058,26
22656,VINTAGE BLUE KITCHEN CABINET,26
90214V,"LETTER ""V"" BLING KEY RING",26
21277,FRENCH STYLE EMBOSSED HEART CABINET,26
84872a,TEATIME FUNKY FLOWER BACKPACK FOR 2,26
84910A,PINK PAISLEY CUSHION COVER ,26
84539,KNITTED RABBIT DOLL ,26
20663,QUEEN OF THE SKIES HOLIDAY PURSE ,25
90083,CRYSTAL CZECH CROSS PHONE CHARM,25
90177D,DROP DIAMANTE EARRINGS PURPLE,25
90082B,DIAMANTE BOW BROOCH RED COLOUR,25
20701,PINK CAT FLORAL CUSHION COVER ,25
90059D,DIAMANTE HAIR GRIP PACK/2 PERIDOT,25
90010E,AMBER GLASS/SILVER BRACELET,25
90059E,DIAMANTE HAIR GRIP PACK/2 RUBY,25
23448,CREAM BUNNY EASTER EGG BASKET,25
85096,HILDA CANDY SPOT RABBIT,25
84711A,SILVER OVAL SHAPE TRINKET BOX,25
16161M,WRAP  PINK FLOCK,25
16169N,WRAP BLUE RUSSIAN FOLKART,25
35610C,WHITE CHRISTMAS FLOCK DROPLET ,25
75013B,"STRING OF 8 BUTTERFLIES,PINK",25
85014b,RED RETROSPOT UMBRELLA,25
79026B,"S/4 ICON COASTER,ELVIS LIVES",25
84857B,BLUE MONTE CARLO HANDBAG,24
35610B,BLACK CHRISTMAS FLOCK DROPLET ,24
20878,SET/9 CHRISTMAS T-LIGHTS SCENTED ,24
44089C,LILAC GAUZE BUTTERFLY LAMPSHADE,24
84388,WISE MAN STAR SHAPE EGG PAN,24
84750A,PINK SMALL GLASS CAKE STAND,24
17007B,S/3 POT POURI CUSHIONS BLUE COLOURS,24
23629,SET 10 CARDS DRESSING UP 17077,24
85028S,FRENCH CHATEAU SMALL FRUITBOWL,24
90214T,"LETTER ""T"" BLING KEY RING",24
90022,EDWARDIAN DROP EARRINGS JET BLACK,24
21018,BIRD BOX CHRISTMAS TREE DECORATION,24
90122C,TURQUOISE CRYSTAL+GLASS BRACELET,24
84666,SQUARE CHERRY BLOSSOM CABINET,24
22823,CHEST NATURAL WOOD 20 DRAWERS,24
84206A,3 BLACK CATS W HEARTS BLANK CARD,24
90161A,ANT COPPER RED BOUDICCA BRACELET,24
90003E,GREEN PAIR HEART HAIR SLIDES,23
20933,YELLOW POT PLANT CANDLE,23
90185B,AMETHYST DIAMANTE EXPANDABLE RING,23
84033,FLAG OF ST GEORGE ,23
84798A,PINK FOXGLOVE ARTIIFCIAL FLOWER,23
37489C,GREEN/BLUE FLOWER DESIGN BIG MUG,23
84559b,3D SHEET OF CAT STICKERS,23
90175D,TIGRIS EYE CHUNKY CHARM BRACELET,23
84801B,WHITE HYDRANGEA ART FLOWER,22
90186B,CRYSTAL HOOP EARRING FLORAL LEAF,22
84247N,PACK/12 BLUE FOLKART CARDS,22
23441,HAND PAINTED HANGING EASTER EGG,22
84732B,CUTE BIRD CEATURE SCREEN,22
84247K,"FOLK ART GREETING CARD,pack/12",22
90202D,PINK ENAMEL FLOWER HAIR TIE,22
90214Z,"LETTER ""Z"" BLING KEY RING",22
21040,MODERN VINTAGE COTTON SHOPPING BAG,22
90202A,PURPLE ENAMEL FLOWER HAIR TIE,22
21690,SILVER  CANDLEPOT JARDIN ,22
90018B,GOLD M.O.P ORBIT DROP EARRINGS,22
90016B,GOLD/M.O.P PENDANT ORBIT NECKLACE,22
84548,CROCHET BEAR RED/BLUE  KEYRING,22
47586A,PINK FAIRY CAKE CUSHION COVER,21
90059F,DIAMANTE HAIR GRIP PACK/2 LT ROSE,21
90184C,BLACK CHUNKY BEAD BRACELET W STRAP,21
90183B,AMETHYST DROP EARRINGS W LONG BEADS,21
90000D,COPPER/OLIVE GREEN FLOWER NECKLACE,21
90039D,FIRE POLISHED GLASS BRACELET GREEN,21
90032,IVORY SHELL HEART NECKLACE,21
90122A,PINK CRYSTAL+GLASS BRACELET,21
20848,ZINC HEART LATTICE CHARGER SMALL,21
37444C,PINK BREAKFAST CUP AND SAUCER ,21
90166,PINK & WHITE ROSEBUD RING,21
37333,"RETRO ""TEA FOR ONE"" ",21
90072,RUBY DROP CHANDELIER EARRINGS,21
44092C,PURPLE/COPPER HANGING LAMPSHADE,20
90070,RUBY GLASS CLUSTER BRACELET,20
23603,SET 10 CARD KRAFT REINDEER 17084,20
85084,HOLLY TOP CHRISTMAS STOCKING,20
84522,PINK PARTY SUNGLASSES,20
21011,GLITTER SNOW PEAR TREE DECORATION,20
84711B,PINK OVAL SHAPE TRINKET BOX,20
16162L,THE KING GIFT BAG,20
81950V,FLOWER PURPLE CLOCK W/SUCKER,20
90089,PINK CRYSTAL SKULL PHONE CHARM,20
90081C,LILY BROOCH OLIVE COLOUR,20
20667,CHERRY BLOSSOM PURSE,20
90202C,GREEN ENAMEL FLOWER HAIR TIE,20
35910A,MULTICOLOUR EASTER RABBIT ,20
84847,FLORAL BATHROOM SET,20
79071B,ENGLISH ROSE METAL WASTE BIN,20
84709B,PINK OVAL JEWELLED MIRROR,20
84629,WHITE 3 FRAME BIRDS AND TREE ,20
90190C,SILVER/AMETHYST DROP EARRINGS LEAF,20
21332,MOROCCAN BEATEN METAL MIRROR,19
23468,TUSCAN VILLA BIRD TABLE ,19
62094B,TURQ ICE CREAM BUM BAG ,19
20901,VINTAGE KEEPSAKE BOX PINK FLOWER,19
22929,SCHOOL DESK AND CHAIR ,19
90165B,WHITE ROSEBUD  PEARL EARRINGS,19
90169,DAISY HAIR COMB,19
84984A,GREEN PEONY CUSHION COVER,19
90199C,5 STRAND GLASS NECKLACE CRYSTAL,19
20845,ZINC HEART LATTICE 2 WALL PLANTER,19
35271S,GOLD PRINT PAPER BAG,19
20697,LITTLE GREEN MONSTER SOFT TOY,19
85135A,YELLOW DRAGONFLY HELICOPTER,19
22415,WHITE TISSUE REAM,19
90133,TEAL/FUSCHIA COL BEAD NECKLACE,19
21357,TOAST ITS - DINOSAUR,19
90195A,PURPLE GEMSTONE BRACELET,19
79149B,SILICON STAR BULB  BLUE,18
85014a,BLACK/BLUE POLKADOT UMBRELLA,18
23464,VINTAGE ZINC WATERING CAN SMALL,18
35817P,"ACRYLIC JEWEL SNOWFLAKE,PINK",18
90168,2 DAISIES HAIR COMB,18
21349,IVY HEART WREATH,18
46000P,POLYESTER FILLER PAD 65CMx65CM,18
90040B,MURANO STYLE GLASS BRACELET BLACK,18
90010A,MIDNIGHT BLUE GLASS/SILVER BRACELET,18
84660c,PINK STITCHED WALL CLOCK,18
90019B,GOLD M.O.P ORBIT BRACELET,18
84809B,PINK CHRYSANTHEMUMS ART FLOWER,18
90144,SILVER DROP EARRINGS WITH FLOWER,18
82011A,"BATHROOM SCALES, TROPICAL BEACH",18
90016A,SILVER/M.O.P PENDANT ORBIT NECKLACE,17
90202B,WHITE ENAMEL FLOWER HAIR TIE,17
35265,COLOURFUL FLOWER FRUIT BOWL,17
21692,SILVER LATTICE VANILLA CANDLE POT,17
62043B,BLUE CHECK BAG W HANDLE 34X20CM,17
90014B,GOLD M PEARL  ORBIT NECKLACE,17
90146,FINE SILVER NECKLACE W PASTEL FLOWE,17
84984B,RED PEONY CUSHION COVER ,17
79066k,RETRO MOD TRAY,17
84270,ASSTD DESIGN BUBBLE GUM RING,17
20698,LITTLE PINK MONSTER SOFT TOY,17
20821,GOLDIE LOOKING MIRROR,17
10124G,ARMY CAMO BOOKCOVER TAPE,17
84796a,PINK HAWAIIAN PICNIC HAMPER FOR 2,17
84751B,BLACK MEDIUM GLASS CAKE STAND,17
84803B,WHITE ALLIUM  ARTIFICIAL FLOWER,17
90180A,BLACK+WHITE NECKLACE W TASSEL,17
90214O,"LETTER ""O"" BLING KEY RING",16
90165A,PINK ROSEBUD PEARL EARRINGS,16
90028,NEW BAROQUE LARGE NECKLACE BLK/WHIT,16
21370,MIRRORED WALL ART FOXY,16
90059B,DIAMANTE HAIR GRIP PACK/2 BLACK DIA,16
72783,BLACK SIL'T SQU CANDLE PLATE ,16
84795b,SUNSET CHECK HAMMOCK,16
10124A,SPOTS ON RED BOOKCOVER TAPE,16
85031A,ROMANTIC IMAGES SCRAP BOOK SET,16
90194,SILVER LARIAT BLACK STONE EARRINGS,16
84086B,YELLOW/BLUE RETRO RADIO,16
90190A,SILVER/CRYSTAL DROP EARRINGS W LEAF,16
85017A,ENVELOPE 50 ROMANTIC IMAGES,16
84706F,RED PEONY TABLE CLOCK,16
90214W,"LETTER ""W"" BLING KEY RING",16
84715,SET OF 6 ICE CREAM SKITTLES,16
62074B,ELEPHANT CLIP W SUCTION CUP,16
84596f,SMALL MARSHMALLOWS PINK BOWL,16
90081A,LILY BROOCH AMETHYST COLOUR,15
23632,SET 10 CARDS CHEERFUL ROBIN 17065,15
21344,MOROCCAN BEATEN METAL DISH,15
20818,GOLD TEDDY BEAR,15
48173c,DOORMAT BLACK FLOCK ,15
72351a,SET/6 TURQUOISE BUTTERFLY T-LIGHTS,15
85185D,FROG SOCK PUPPET,15
16202E,BLACK PHOTO ALBUM ,15
84925D,LA PALMIERA WALL THERMOMETER,15
85030,FRENCH CHATEAU OVAL PLATTER,15
90181B,AMETHYST GLASS/SHELL/PEARL NECKLACE,15
90003B,ROSE COLOUR PAIR HEART HAIR SLIDES,15
90040C,MURANO STYLE GLASS BRACELET GOLD,15
20778,GARDEN PATH NOTEBOOK ,15
90059C,DIAMANTE HAIR GRIP PACK/2 MONTANA,15
44089A,PINK GAUZE BUTTERFLY LAMPSHADE,15
90123A,PINK HEART OF GLASS BRACELET,15
90038A,GLASS AND PAINTED BEADS BRACELET TO,15
90182C,BLACK 3 BEAD DROP EARRINGS,14
90177B,DROP DIAMANTE EARRINGS BLACK DIAMON,14
90177A,CLASSIC DIAMANTE EARRINGS JET,14
90162C,ANT SILVER FUSCHIA BOUDICCA RING,14
90067A,PINK VINTAGE VICTORIAN EARRINGS,14
90129D,AMBER GLASS TASSLE BAG CHARM,14
90130C,GREEN STONE/CRYSTAL EARRINGS,14
90123C,GREEN HEART OF GLASS BRACELET,14
47013A,WINE BOTTLE DRESSING LT.BLUE,14
84536a,ENGLISH ROSE NOTEBOOK A7 SIZE,14
44092B,BLUE WHITE PLASTIC RINGS LAMPSHADE,14
90040A,MURANO STYLE GLASS BRACELET RED,14
85206B,PINK FELT EASTER EGG BASKET,14
20670,VIP HOLIDAY PURSE,14
84842,HELLO SAILOR BATHROOM SET,14
90036E,"FLOWER GLASS GARLD NECKL36""AMETHYST",14
84575A,PINK DOG CANNISTER,14
84746,PINK EASTER HENS+FLOWER,14
20785,FUSCHIA RETRO BAR STOOL,14
90005A,JADE GREEN ENAMEL HAIR COMB,14
90094,NECKLACE+BRACELET SET FRUIT SALAD ,14
90177E,DROP DIAMANTE EARRINGS GREEN,14
82605,OLD DOC RUSSEL METAL SIGN,14
84616,SILVER ROCCOCO CHANDELIER,14
23574,PACKING CHARGE,14
90023,FILIGREE DIAMANTE EARRINGS,13
90184A,AMBER CHUNKY BEAD BRACELET W STRAP,13
90190B,GOLD/AMBER DROP EARRINGS W LEAF,13
90038B,GLASS AND PAINTED BEADS BRACELET OL,13
90012B,BLACK DROP CRYSTAL NECKLACE,13
90019C,SILVER BLACK ORBIT BRACELET,13
90002D,FLOWER BURST SILVER RING CRYSTAL,13
23463,VINTAGE ZINC WATERING CAN,13
22351,DOTCOMGIFTSHOP TEA TOWEL,13
35647,VINTAGE BEAD PINK SHADE ,13
84816,DANISH ROSE BEDSIDE CABINET,13
71496B,A4 WALL TIDY RED FLOWERS,13
90000A,RASPBERRY ANT COPPER FLOWER NECKLAC,13
21275,ZINC TOP  2 DOOR WOODEN SHELF ,13
84551,CROCHET DOG KEYRING,13
22125,UNION JACK HOT WATER BOTTLE ,13
47589,CONGRATULATIONS BUNTING,13
84984D,ORIENTAL RED CUSHION COVER ,13
16248B,BLUE HOLE PUNCH,13
84201B,HAPPY BIRTHDAY CARD STRIPEY TEDDY,13
84497,BUTTONS AND STRIPES NOTEBOOK ,13
85089,CANDY SPOT BUNNY,13
35910B,PINK FLOWERS RABBIT EASTER,13
85008,SET OF 3 CONEY ISLAND OVAL BOXES,13
90187B,GREEN DROP EARRINGS W BEAD CLUSTER,12
90214U,"LETTER ""U"" BLING KEY RING",12
84705C,PINK FLOCK PHOTO FRAME ,12
BANK CHARGES,Bank Charges,12
79329,PINK FLOCK GLASS CANDLEHOLDER,12
90206A,GOLD DIAMANTE STAR BROOCH,12
84415A,PINK FLOCK SUEDE CUSHION COVER ,12
40005B,BLUE ORGANDY ROUND LAMPSHADE W BEA,12
90141A,GREEN PENDANT TRIPLE SHELL NECKLACE,12
90018C,SILVER BLACK ORBIT DROP EARRINGS,12
44242A,LILAC FEATHERS CURTAIN,12
85109,PINK BOUDOIR T-LIGHT HOLDER,12
84462,3 PINK HEN+CHICKS IN BASKET,12
90163A,PINK ROSEBUD & PEARL NECKLACE,12
23449,SET OF 6 EASTER RAINBOW CHICKS,12
90036D,"FLOWER GLASS GARLAND NECKL.36""BLACK",12
35958,FOLKART ZINC STAR CHRISTMAS DEC,12
90063A,WHITE VINT ART DECO CRYSTAL NECKLAC,12
90064B,BLACK VINTAGE  CRYSTAL EARRINGS,12
85018D,YULETIDE IMAGES S/6 PAPER BOXES,12
85024C,PINK SMALL JEWELLED PHOTOFRAME,12
90211A,DIAMOND LAS VEGAS NECKLACE 45CM,12
90124B,BLUE MURANO TWIST NECKLACE,12
21777,RECIPE BOX WITH METAL HEART,12
21331,MOROCCAN BEATEN METAL DISH LARGE,12
46115B,GREEN POP ART MAO CUSHION COVER ,12
47590b,PINK HAPPY BIRTHDAY BUNTING,12
84881,BLUE WIRE SPIRAL CANDLE HOLDER,12
90011B,BLACK CRYSTAL DROP EARRINGS,12
90000B,MIDNIGHT BLUE COPPER FLOWER NECKLAC,11
90199A,5 STRAND GLASS NECKLACE BLACK,11
84387A,BIRD ON BRANCH CANVAS SCREEN,11
71215,METAL BASE FOR CANDLES,11
85195,HANGING HEART BASKET,11
21769,VINTAGE POST OFFICE CABINET,11
90039B,FIRE POLISHED GLASS BRACELET MONTAN,11
90186A,AMETHYST HOOP EARRING FLORAL LEAF,11
23613,SET 10 XMAS CARDS & BADGES 17070,11
22769,CHALKBOARD KITCHEN ORGANISER,11
84798B,PURPLE FOXGLOVE ARTIIFCIAL FLOWER,11
79151B,"SILICON CUBE 25W, BLUE",11
90124C,GREEN MURANO TWIST NECKLACE,11
84921,CREAM AND PINK FLOWERS PONY ,11
84732D,CUTE RABBIT CEATURE SCREEN ,11
23637,SET 10 CARDS OUT OF ORDER 17216,11
90010B,BLACK/WHITE GLASS/SILVER BRACELET,11
90125E,AMBER BERTIE GLASS BEAD BAG CHARM,11
90012A,MIDNIGHT BLUE DROP CRYSTAL NECKLACE,11
72821,CUPID SCENTED CANDLE IN GLASS,11
81953B,ROUND BLUE CLOCK WITH SUCKER,11
90175B,PINK GLASS CHUNKY CHARM BRACELET,10
gift_0001_20,Dotcomgiftshop Gift Voucher £20.00,10
84465,15 PINK FLUFFY CHICKS IN BOX,10
23620,SET 10 CARDS PERFECT POST 17090,10
90079,VINTAGE ENAMEL & CRYSTAL NECKLACE,10
90064A,WHITE VINTAGE CRYSTAL EARRINGS,10
90162D,ANT SILVER PURPLE BOUDICCA RING,10
22034,ROBIN CHRISTMAS CARD,10
22828,REGENCY MIRROR WITH SHUTTERS,10
21761,WOOD AND GLASS MEDICINE CABINET,10
84596e,SMALL LICORICE DES PINK BOWL,10
90138,WHITE/PINK MINI CRYSTALS NECKLACE,10
20671,BLUE TEATIME PRINT BOWL ,10
84306,S/3 PINK SQUARE PLANTERS ROSES,10
90157,RIVIERA NECKLACE,10
37351,ORANGE FLOWER MUG ,10
85028L,FRENCH CHATEAU LARGE FRUIT BOWL ,10
35610A,PINK CHRISTMAS FLOCK DROPLET ,10
21461,BLUE EASTER EGG HUNT START POST,10
90033,IVORY SHELL HEART EARRINGS,10
90051,CRACKED GLAZE NECKLACE RED,10
35400,WOODEN BOX ADVENT CALENDAR ,10
90142D,MOP PENDANT SHELL NECKLACE,10
90102,WHITE FRANGIPANI HAIR CLIP,10
90120D,WHITE MURANO TWIST BRACELET,10
90167,BEADED LOVE HEART JEWELLERY SET,10
90141C,TURQ PENDANT TRIPLE SHELL NECKLACE,10
84924F,PSYCHEDELIC METAL SIGN CALENDAR,10
90037B,TINY CRYSTAL BRACELET GREEN,10
90212B,JET BLACK LAS VEGAS BRACELET ROUND,10
35598A,DUSTY PINK CHRISTMAS TREE 60CM,9
90199B,5 STRAND GLASS NECKLACE AMETHYST,9
85189,HANGING BUTTERFLY  EGG,9
90076,MONTANA DIAMOND CLUSTER EARRINGS,9
90175C,BLUE GLASS CHUNKY CHARM BRACELET,9
84675,FROG KING WATERING CAN,9
20851,ZINC HEART LATTICE TRAY OVAL ,9
23625,SET 6 CARDS SPARKLY REINDEER 17262,9
90038C,GLASS AND BEADS BRACELET IVORY,9
90211B,JET BLACK LAS VEGAS NECKLACE 45CM,9
90063B,BLACK VINT ART DEC CRYSTAL NECKLACE,9
90183C,BLACK DROP EARRINGS W LONG BEADS,9
44091A,BLUE CRUSOE CHECK LAMPSHADE,9
17174,ASSTD RASTA KEY-CHAINS,9
23636,SET 10 CARDS WISHING TREE 17116,9
84922,PINK BUTTERFLY WASHBAG,9
90054,CRACKED GLAZE EARRINGS RED,9
23640,SET 10 CARDS SCOTTIE DOG 17211,9
90123B,TURQUOISE HEART OF GLASS BRACELET,9
gift_0001_10,Dotcomgiftshop Gift Voucher £10.00,9
90141B,IVORY PENDANT TRIPLE SHELL NECKLACE,9
35809a,ENAMEL PINK TEA CONTAINER,9
90188,DROP EARRINGS W FLOWER & LEAF,9
85132b,CHARLIE AND LOLA TABLE TINS,9
23645,SET 10 CHRISTMAS CARDS HOHOHO 16956,9
62097B,BLUE STRIPES SHOULDER BAG,9
90027D,GLASS BEAD HOOP EARRINGS AMETHYST,9
90082D,DIAMANTE BOW BROOCH BLACK COLOUR,9
90155,RESIN NECKLACE W PASTEL BEADS,9
90036C,"FLOWER GLASS GARLAND NECKL.36""BLUE",9
90178A,AMBER CHUNKY GLASS+BEAD NECKLACE,8
90182A,AMBER 3 BEAD DROP EARRINGS,8
35909A,RABBIT EASTER DECORATION,8
35909B,PINK FLOWERS RABBIT EASTER,8
90135,ORANGE/WHT/FUSCHIA STONES NECKLACE,8
23623,SET 10 CARD CHRISTMAS WELCOME 17112,8
90124A,PINK MURANO TWIST NECKLACE,8
90148,LONG SILVER NECKLACE PASTEL FLOWER,8
79323B,BLACK CHERRY LIGHTS,8
84415B,BLUE FLOCK CUSHION COVER ,8
84706D,CHERRY BLOSSOM TABLE CLOCK ,8
85132a,CHARLIE + LOLA BISCUITS TINS,8
37491C,GREEN/BLUE CERAMIC CANDLE HOLDER,8
20816,GOLD FLOWER CUSHION COVER ,8
20910,VINTAGE PHOTO ALBUM PARIS DAYS,8
35443,RASTA IN BATH W SPLIFF ASHTRAY,8
84968e,SET OF 16 VINTAGE BLACK CUTLERY,8
20793,BLUE TILED TRAY,8
90036F,"FLOWER GLASS GARLD NECKL36""TURQUOIS",8
23607,SET 10 CARDS HATS & STOCKINGS 17081,8
72807a,SET/3 ROSE CANDLE IN JEWELLED BOX,8
90196A,PURPLE GEMSTONE NECKLACE 45CM,8
23601,SET 10 CARDS SNOWY SNOWDROPS  17100,8
78034B,BLUE NETTING STORAGE HANGER,8
90050,CRACKED GLAZE NECKLACE IVORY,8
90151,SILVER/NATURAL SHELL NECKLACE,8
23646,SET 10 CARDS JINGLE BELLS 16957,8
90024B,NEW BAROQUE B'FLY NECKLACE RED,8
84206C,CHAMPAGNE TRAY BLANK CARD,8
35809B,ENAMEL BLUE RIM TEA CONTAINER,8
23616,SET 10 CARDS JINGLE BELLS 17217,8
90039A,FIRE POLISHED GLASS BRACELET RED,8
gift_0001_30,Dotcomgiftshop Gift Voucher £30.00,7
85067,CREAM SWEETHEART WALL CABINET,7
90176D,DIAMANTE NECKLACE PURPLE,7
16202A,PASTEL PINK PHOTO ALBUM ,7
84499,BLACK FLOWER CANDLE PLATE,7
90001D,ANTIQUE OLIVE GREEN FLOWER EARRINGS,7
90120A,PINK MURANO TWIST BRACELET,7
23627,SET 10 CARDS XMAS GRAPHIC  17218,7
16206B,RED PURSE WITH PINK HEART,7
16244B,MAXWELL 2 TONE BLUE 60 PAGE PHOTO A,7
90065A,WHITE VINTAGE CRYSTAL BRACELET,7
72798C,SET/4 GARDEN ROSE DINNER CANDLE,7
46776f,WOVEN ROSE GARDEN CUSHION COVER ,7
90212C,PURPLE LAS VEGAS BRACELET ROUND,7
72802a,ROSE SCENT CANDLE IN JEWELLED BOX,7
84596b,SMALL DOLLY MIX DESIGN ORANGE BOWL,7
90181A,AMBER GLASS/SHELL/PEARL NECKLACE,7
90163B,WHITE ROSEBUD & PEARL NECKLACE,7
17028J,INCENSE BAZAAR PEACH,6
90179C,BLACK FINE BEAD NECKLACE W TASSEL,6
90162A,ANT SILVER TURQUOISE BOUDICCA RING,6
90179A,AMBER FINE BEAD NECKLACE W TASSEL,6
21763,VINTAGE WOODEN BAR STOOL,6
84613A,PINK NEW BAROQUE FLOCK CANDLESTICK,6
90039C,FIRE POLISHED GLASS BRACELET BLACK,6
84632,DECORATIVE HANGING SHELVING UNIT,6
37491A,YELLOW/PINK CERAMIC CANDLE HOLDER,6
21757,LIGHTHOUSE PRINTED METAL SIGN,6
90036A,FLOWER GARLAND NECKLACE RED,6
90027A,GLASS BEAD HOOP EARRINGS BLACK,6
84679,CLASSICAL ROSE TABLE LAMP,6
90060F,FIRE POLISHED GLASS NECKL GREEN,6
23621,SET 10 CARDS DAVID'S MADONNA 17074,6
20935,ROUND CACTUS CANDLE,6
90123D,WHITE HEART OF GLASS BRACELET,6
37330,BIG POLKADOT MUG,6
85225,BLING KEY RING STAND,6
85160A,WHITE BIRD GARDEN DESIGN MUG,6
84840,SWEETHEART CARRY-ALL BASKET,6
21827,EIGHT PIECE CREEPY CRAWLIE SET,6
90159,COTE D'AZURE NECKLACE,6
90130A,WHITE STONE/CRYSTAL EARRINGS,6
90122B,JADE CRYSTAL+GLASS BRACELET,6
90013D,PURPLE VINTAGE EARRINGS,6
90011A,MIDNIGHT BLUE CRYSTAL DROP EARRINGS,6
90199D,5 STRAND GLASS NECKLACE AMBER,6
37379A,PINK CHERRY BLOSSOM CUP & SAUCER,6
85231g,ORANGE SCENTED SET/9 T-LIGHTS,6
47593b,SCOTTIE DOGS BABY BIB,6
90041,PEARL AND CHERRY QUARTZ BRACLET,5
90035A,"PEARL & SHELL 42""NECKL. GREEN",5
84968a,SET OF 16 VINTAGE ROSE CUTLERY,5
79157V,UBO-LIGHT TRIOBASE PURPLE,5
72807c,SET/3 VANILLA SCENTED CANDLE IN BOX,5
84593,CROCHET ROSE DES CLOTHES HANGER,5
22764,"RUSTIC WOODEN CABINET, GLASS DOORS",5
23612,SET 10 MINICARDS CUTE SNOWMAN 17071,5
84206B,CAT WITH SUNGLASSES BLANK CARD,5
90141E,ORANGE PENDANT TRIPLE SHELL NECKLAC,5
23654,SET 10 CARD SNOWMAN 16965,5
21416,CLAM SHELL LARGE,5
90024F,NEW BAROQUE B'FLY NECKLACE CRYSTAL,5
90055,CRACKED GLAZE EARRINGS BROWN,5
90027C,GLASS BEAD HOOP EARRINGS GREEN,5
90049,IVORY GOLD METAL BAG CHARM,5
90037C,TINY CRYSTAL BRACELET BLUE,5
90131,PINK/AMETHYST/GOLD NECKLACE,5
90029,NEW BAROQUE SMALL NECKLACE BLACK,5
22206,"MUG , DOTCOMGIFTSHOP.COM ",5
90196B,BLACK GEMSTONE NECKLACE 45CM,5
90042C,FRESHWATER PEARL BRACELET IVORY,5
90152A,SILVER/NAT SHELL NECKLACE W PENDANT,5
18097A,PINK TALL PORCELAIN T-LIGHT HOLDER ,5
90180B,PURPLE AMETHYST NECKLACE W TASSEL,5
21144,PINK POODLE HANGING DECORATION ,5
21538,DAIRY MAID  PUDDING BOWL,5
90001A,ANTIQUE RASPBERRY FLOWER EARRINGS,5
90001C,ANTIQUE OPAL WHITE FLOWER EARRINGS,5
90001B,ANTIQUE MID BLUE FLOWER EARRINGS,5
84536b,FAIRY CAKES NOTEBOOK A7 SIZE,5
21228,"POCKET MIRROR ""GLAMOROUS""",5
90182B,AMETHYST 3 BEAD DROP EARRINGS,5
35591T,TURQUOISE CHRISTMAS TREE ,5
84509b,SET OF 4 FAIRY CAKE PLACEMATS,5
47518f,ICON PLACEMAT POP ART ELVIS,5
23634,SET 10 CARDS XMAS CHOIR 17068,5
84975,HEART SHAPED MIRROR,5
84854,GIRLY PINK TOOL SET,5
10123C,HEARTS WRAPPING TAPE ,5
23644,SET 10 CARDS CHRISTMAS TREE 16955,5
46776a,WOVEN BUBBLE GUM CUSHION COVER,5
90014C,SILVER/BLACK ORBIT NECKLACE,5
82613c,"METAL SIGN,CUPCAKE SINGLE HOOK",5
20820,SILVER LOOKING MIRROR,5
21836,GINGHAM OVEN GLOVE RED HEART ,5
84201C,HAPPY BIRTHDAY CARD TEDDY/CAKE,5
20695,FLORAL BLUE MONSTER,5
84558a,3D DOG PICTURE PLAYING CARDS,5
72807b,SET/3 OCEAN SCENT CANDLE JEWEL BOX,4
90195B,BLACK GEMSTONE BRACELET,4
23615,SET 10 CARDS PRINTED GRAPHIC 17219,4
DCGS0003,BOXED GLASS ASHTRAY,4
37491B,BLUE/YELLOW CERAMIC CANDLE HOLDER,4
17191A,ROSE FLOWER CANDLE+INCENSE 16X16CM,4
90176B,DIAMANTE NECKLACE BLACK ,4
84660a,WHITE STITCHED WALL CLOCK,4
23624,SET 10 CARD PERFECT NATIVITY 17089,4
79157B,UBO-LIGHT TRIOBASE BLUE,4
90043,COPPER AND BRASS BAG CHARM,4
23608,SET 10 CARDS RUDOLPHS NOSE 17097,4
90156,RESIN BRACELET W PASTEL BEADS,4
90036B,"FLOWER GLASS GARLAND NECKL.36""GREEN",4
23605,SET 10 CARDS 12 DAYS OF XMAS 17059,4
23604,SET 10 MINI SANTA & SNOWMAN  17087,4
90075,MONTANA DIAMOND CLUSTER NECKLACE,4
23619,SET 10 CARDS POINSETTIA 17093,4
23639,SET 10 CARDS MAGICAL TREE 17086,4
23702,High Resolution Image,4
90026C,GLASS BEAD HOOP NECKLACE GREEN,4
35645,VINTAGE BEAD PINK JEWEL BOX,4
23650,SET 10 CARDS FILIGREE BAUBLE 16961,4
84963A,PINK PAINTED KASHMIRI CHAIR,4
90056,CHUNKY CRACKED GLAZE NECKLACE IVORY,4
90074,BLACK DIAMOND CLUSTER NECKLACE,4
90141D,ROSE PENDANT TRIPLE SHELL NECKLACE,4
90024C,NEW BAROQUE B'FLY NECKLACE GREEN,4
90053,CRACKED GLAZE EARRINGS IVORY,4
90025F,BAROQUE BUTTERFLY EARRINGS CRYSTAL,4
37491D,PURPLE/BLUE CERAMIC CANDLE HOLDER,4
47574B,ENGLISH ROSE SCENTED HANGING HEART,4
20892,SET/3 TALL GLASS CANDLE HOLDER PINK,4
79323P,PINK CHERRY LIGHTS,4
84856S,SMALL TAHITI BEACH BAG,4
20678,LARGE BLACK DIAMANTE HAIRSLIDE,4
84802B,PURPLE ANEMONE ARTIFICIAL FLOWER,4
82613b,"METAL SIGN,CUPCAKE SINGLE HOOK",4
gift_0001_50,Dotcomgiftshop Gift Voucher £50.00,4
90176E,DIAMANTE NECKLACE GREEN,4
37444B,BLUE BREAKFAST CUP AND SAUCER ,4
90176C,DIAMANTE NECKLACE,3
90176A,CLASSIC DIAMANTE NECKLACE JET,3
PADS,PADS TO MATCH ALL CUSHIONS,3
72815,3 WICK CHRISTMAS BRIAR CANDLE ,3
90011E,AMBER CRYSTAL DROP EARRINGS,3
90011D,PURPLE CRYSTAL DROP EARRINGS,3
85231b,CINAMMON SET OF 9 T-LIGHTS,3
gift_0001_40,Dotcomgiftshop Gift Voucher £40.00,3
90179B,PURPLE FINE BEAD NECKLACE W TASSEL,3
90026D,GLASS BEAD HOOP NECKLACE AMETHYST,3
85115B,S/4 BLACK DISCO PARTITION PANEL,3
84689,S/2 BEACH HUT TREASURE CHESTS,3
23610,SET 10 CARDS CHRISTMAS ROBIN 17095,3
90026B,GLASS BEAD HOOP NECKLACE MONTANA,3
23635,SET 10 CARDS CHRISTMAS HOLLY  17259,3
90025D,BAROQUE BUTTERFLY EARRINGS PINK,3
47503J,SET/3 FLORAL GARDEN TOOLS IN BAG,3
20906,VINTAGE NOTEBOOK BEAUTY GIRL,3
DCGS0076,SUNJAR LED NIGHT NIGHT LIGHT,3
84773,RED ROSE AND LACE C/COVER,3
85132c,CHARLIE AND LOLA FIGURES TINS,3
90016C,SILVER/BLACK PENDANT ORBIT NECKLACE,3
23633,SET 10 CARDS WORLD CHILDREN 17067,3
15060b,FAIRY CAKE DESIGN UMBRELLA,3
45013,FOLDING SHOE TIDY,3
79192A,RETRO PLASTIC 70'S TRAY,3
85224,ASSORTED COLOUR SILK GLASSES CASE,3
85031C,CURIOUS IMAGES SCRAP BOOK SET,3
85034a,3 GARDENIA MORRIS BOXED CANDLES,3
90137,PINK COMBO MINI CRYSTALS NECKLACE,3
84968d,SET OF 16 VINTAGE RED CUTLERY,3
84617,NEW BAROQUE BLACK BOXES,3
90060D,FIRE POLISHED GLASS NECKL BRONZE,3
90042A,FRESHWATER PEARL BRACELET GOLD,3
84596g,SMALL CHOCOLATES PINK BOWL,3
90132,LIGHT TOPAZ TEAL/AQUA COL NECKLACE,3
90077,BLACK DIAMOND CLUSTER EARRINGS,3
90136,PALE PINK/AMETHYST STONE NECKLACE,3
90027B,GLASS BEAD HOOP EARRINGS MONTANA,3
90046,WHITE WITH METAL BAG CHARM,3
90048,GREEN WITH METAL BAG CHARM,3
21661,VINTAGE GLASS TEA CADDY,3
84562A,PINK/WHITE RIBBED MELAMINE JUG,3
84803A,PINK ALLIUM  ARTIFICIAL FLOWER,3
85047,WHITE BEADED GARLAND STRING 20LIGHT,3
90130D,RED STONE/CRYSTAL EARRINGS,3
90128A,PINK LEAVES AND BEADS PHONE CHARM,3
37464,ROBOT MUG IN DISPLAY BOX,3
84963B,BLUE PAINTED KASHMIRI CHAIR,3
90025A,BAROQUE BUTTERFLY EARRINGS BLACK,2
84824,DANISH ROSE UMBRELLA STAND,2
90024E,NEW BAROQUE B'FLY NECKLACE MONTANA,2
90024D,NEW BAROQUE B'FLY NECKLACE PINK,2
84614A,PINK BAROQUE FLOCK CANDLE HOLDER,2
23649,SET 10 CARDS DECK THE HALLS 16960,2
90189A,SILVER 2 STRAND NECKLACE-LEAF CHARM,2
35833G,4 GOLD FLOCK CHRISTMAS BALLS,2
84731,3 BIRDS CANVAS SCREEN,2
62096B,PURPLE/TURQ FLOWERS HANDBAG,2
23652,SET 10 CARD CHRISTMAS STAMPS 16963,2
23638,SET 10 CARDS ROBIN WATERPUMP  17096,2
85136B,BLUE SHARK HELICOPTER,2
90026A,GLASS BEAD HOOP NECKLACE BLACK,2
90069,RUBY GLASS CLUSTER NECKLACE,2
21681,GIANT MEDINA STAMPED METAL BOWL ,2
S,SAMPLES,2
85184c,SET 4 VALENTINE DECOUPAGE HEART BOX,2
47570b,TEA TIME TABLE CLOTH,2
20954,*USB Office Mirror Ball,2
90011C,GREEN CRYSTAL DROP EARRINGS,2
90112,PINK DOLLY HAIR CLIPS,2
84509g,SET OF 4 FAIRY CAKE PLACEMATS ,2
AMAZONFEE,AMAZON FEE,2
84534b,FAIRY CAKE NOTEBOOK A5 SIZE,2
20871,OPULENT VELVET SET/3 CANDLES,2
47016,LIGHT DECORATION BATTERY OPERATED,2
84873A,FUNKY FLOWER PICNIC BAG FOR 4,2
90128D,PURPLE LEAVES AND BEADS PHONE CHAR,2
90127A,PINK BEADS+HAND PHONE CHARM,2
79161A,ST GEORGE SET OF 10 PARTY LIGHTS,2
84990,60 GOLD AND SILVER FAIRY CAKE CASES,2
21186,WHITE DOVE HONEYCOMB PAPER GARLAND,2
85126,LARGE ROUND CUTGLASS CANDLESTICK,2
35598C,WHITE CHRISTMAS TREE 60CM,2
90152B,BLUE/GREEN SHELL NECKLACE W PENDANT,2
84856L,LARGE TAHITI BEACH BAG,2
44265,M/COLOUR POM-POM CURTAIN,2
37509,NEW ENGLAND MUG W GIFT BOX,2
23630,SET 10 CARDS HANGING BAUBLES 17080,2
84971l,LARGE HEART FLOWERS HOOK   ,2
90126C,AMBER BERTIE MOBILE PHONE CHARM,2
90128C,GREEN LEAVES AND BEADS PHONE CHARM,2
90128B,BLUE LEAVES AND BEADS PHONE CHARM,2
90067B,BROWN VINTAGE VICTORIAN EARRINGS,2
84968B,SET OF 16 VINTAGE IVORY CUTLERY,2
90065B,BLACK VINT ART DEC CRYSTAL BRACELET,2
84620,BLUE GINGHAM ROSE CUSHION COVER,2
85036a,GARDENIA 1 WICK MORRIS BOXED CANDLE,2
85049d,BRIGHT BLUES RIBBONS ,2
20964,POLYESTER FILLER PAD 60x40cm,2
90034,WHITE SILVER NECKLACE SHELL GLASS,2
85049b,LUSH GREENS RIBBONS,2
90078,PINK/WHITE GLASS DEMI CHOKER,2
84660b,BLACK STITCHED WALL CLOCK,2
23617,SET 10 CARDS SWIRLY XMAS TREE 17104,2
21268,VINTAGE BLUE TINSEL REEL,2
21667,GLASS CAKE COVER AND PLATE,2
21895,POTTING SHED SOW 'N' GROW SET,2
85035a,GARDENIA 3 WICK MORRIS BOXED CANDLE,2
90140,PINK SWEETIE NECKLACE,2
20861,GOLD COSMETIC BAG PINK STAR,2
84802A,WHITE ANEMONE ARTIFICIAL FLOWER,2
90052,CRACKED GLAZE NECKLACE BROWN,2
21595,Dad's Cab Electronic Meter,2
21594,Dr. Jam's Arouzer Stress Ball,2
90035C,"PEARL & SHELL 42""NECKL. IVORY",2
84795C,OCEAN STRIPE HAMMOCK ,2
90025E,BAROQUE BUTTERFLY EARRINGS MONTANA,1
90025B,BAROQUE BUTTERFLY EARRINGS RED,1
21839,MUMMY MOUSE RED GINGHAM RIBBON,1
22016,Dotcomgiftshop Gift Voucher £100.00,1
84510e,SET OF 4 GREEN CAROUSEL COASTERS,1
22218,CAKE STAND LACE WHITE,1
B,Adjust bad debt,1
21009,ETCHED GLASS STAR TREE DECORATION,1
21120,*Boombox Ipod Classic,1
47591b,SCOTTIES CHILDRENS APRON,1
84661b,BLACK SQUARE TABLE CLOCK,1
DCGS0004,HAYNES CAMPER SHOULDER BAG,1
90178B,PURPLE CHUNKY GLASS+BEAD NECKLACE,1
90181C,BLACK GLASS/SHELL/PEARL NECKLACE,1
35004P,SET OF 3 PINK FLYING DUCKS,1
90187A,BLUE DROP EARRINGS W BEAD CLUSTER,1
85170A,SET/6 IVORY BIRD T-LIGHT CANDLES,1
85160a,WHITE BIRD GARDEN DESIGN MUG,1
85179a,GREEN BITTY LIGHT CHAIN,1
DCGS0070,CAMOUFLAGE DOG COLLAR,1
22146,EASTER CRAFT IVY WREATH WITH CHICK,1
23609,SET 10 CARDS SNOWY ROBIN 17099,1
23664,FLOWER SHOP DESIGN MUG,1
35650,VINTAGE BEAD PINK JEWEL STAND,1
23643,SET 10 CARDS CHRISTMAS BAUBLE 16954,1
90100,NECKLACE+BRACELET SET PINK DAISY,1
51014c,"FEATHER PEN,COAL BLACK",1
22528,GARDENERS KNEELING PAD,1
90060B,FIRE POLISHED GLASS NECKL GOLD,1
46776e,WOVEN CANDY CUSHION COVER ,1
90020,FILIGREE DIAMANTE CHAIN,1
23602,SET 10 CARDS 3 WISE MEN 17107,1
22323,PINK POLKADOT KIDS BAG,1
84550,CROCHET LILAC/RED BEAR KEYRING,1
85031B,BLOSSOM IMAGES SCRAP BOOK SET,1
85036b,CHOCOLATE 1 WICK MORRIS BOX CANDLE,1
84661a,WHITE SQUARE TABLE CLOCK,1
84613C,BLUE NEW BAROQUE FLOCK CANDLESTICK,1
84569C,PACK 4 FLOWER/BUTTERFLY PATCHES,1
84596l,BISCUITS SMALL BOWL LIGHT BLUE,1
85049c,ROMANTIC PINKS RIBBONS ,1
90037A,TINY CRYSTAL BRACELET RED,1
21310,CAPIZ CHANDELIER,1
84743C,ORANGE FELT VASE + FLOWERS,1
72802c,VANILLA SCENT CANDLE JEWELLED BOX,1
72803b,OCEAN SCENT CANDLE JEWELLED DRAWER,1
90084,PINK CRYSTAL GUITAR PHONE CHARM,1
90021,LASER CUT MULTI STRAND NECKLACE,1
85035c,ROSE 3 WICK MORRIS BOX CANDLE,1
85035b,CHOCOLATE 3 WICK MORRIS BOX CANDLE,1
85034b,3 WHITE CHOC MORRIS BOXED CANDLES,1
46776b,WOVEN BERRIES CUSHION COVER ,1
84968f,SET OF 16 VINTAGE SKY BLUE CUTLERY,1
90081B,LILY BROOCH WHITE/SILVER COLOUR,1
37461,FUNKY MONKEY MUG,1
47579,TEA TIME BREAKFAST BASKET,1
21414,SCALLOP SHELL SOAP DISH,1
20703,BLUE PADDED SOFT MOBILE,1
90142A,GREEN PENDANT SHELL NECKLACE,1
37474,SET/4 2 TONE EGG SHAPE MIXING BOWLS,1
90126A,PINK BERTIE MOBILE PHONE CHARM,1
21491,SET OF THREE VINTAGE GIFT WRAPS,1
84977,WIRE FLOWER T-LIGHT HOLDER,1
35609A,PINK FEATHER CHRISTMAS DECORATION,1
90068,"RUBY GLASS NECKLACE 42""",1
21410,COUNTRY COTTAGE  DOORSTOP GREEN,1
90135A,ORANGE/FUSCHIA STONES NECKLACE,1
23628,SET 10 CARDS TRIANGLE ICONS  17220,1
84031b,CHARLIE LOLA BLUE HOT WATER BOTTLE ,1
84031a,CHARLIE+LOLA RED HOT WATER BOTTLE ,1
82613a,"METAL SIGN,CUPCAKE SINGLE HOOK",1
77079,DOLPHIN WINDMILL,1
90183c,BLACK DROP EARRINGS W LONG BEADS,1
84227,HEN HOUSE W CHICK IN NEST,1
20860,GOLD COSMETICS BAG WITH BUTTERFLY,1
21160,KEEP OUT GIRLS DOOR HANGER ,1
85119,WATERING CAN SINGLE HOOK PISTACHIO,1
35597B,BLACKCHRISTMAS TREE 30CM,1
90092,BLUE CRYSTAL BOOT PHONE CHARM,1
35597A,DUSTY PINK CHRISTMAS TREE 30CM,1
90152C,BLUE/NAT SHELL NECKLACE W PENDANT,1
90184c,BLACK CHUNKY BEAD BRACELET W STRAP,1
DCGS0069,OOH LA LA DOGS COLLAR,1
m,Manual,1
